id,width,height,initialFrame,finalFrame,numFrames,class,drivingDirection,traveledDistance,minXVelocity,maxXVelocity,meanXVelocity,minDHW,minTHW,minTTC,numLaneChanges
1,16.27,2.50,1,35,35,Truck,1,31.26,22.85,23.19,23.02,-1.00,-1.00,-1.00,0
2,5.05,2.02,1,35,35,Car,2,45.93,33.68,34.09,33.89,-1.00,-1.00,-1.00,0
3,4.85,2.12,1,58,58,Car,2,80.46,35.15,35.59,35.39,27.29,0.77,15.48,0
4,5.15,2.12,1,64,64,Car,2,101.82,39.69,41.53,40.54,-1.00,-1.00,-1.00,0
5,5.15,2.02,1,85,85,Car,2,130.59,37.73,40.17,38.96,22.89,0.60,-1.00,0
6,7.48,2.22,1,106,106,Car,2,122.92,28.77,29.92,29.32,36.03,1.25,-1.00,0
7,4.95,2.12,1,123,123,Car,2,196.15,39.03,41.01,40.27,65.87,1.61,46.69,0
8,4.65,2.02,1,149,149,Car,2,234.72,37.01,42.35,39.70,25.00,0.67,15.70,0
9,16.78,2.50,1,162,162,Truck,1,158.32,24.20,24.86,24.60,-1.00,-1.00,-1.00,0
10,16.88,2.50,1,164,164,Truck,1,149.37,22.66,23.12,22.92,100.75,4.35,373.34,0
11,4.75,2.02,1,189,189,Car,1,185.97,24.57,25.12,24.75,21.53,0.86,28.74,0
12,3.74,1.72,1,243,243,Car,1,228.37,22.89,24.32,23.62,19.38,0.81,51.13,0
13,5.05,2.12,1,245,245,Car,1,240.50,24.46,24.88,24.65,48.99,1.97,173.10,0
14,4.45,2.02,1,271,271,Car,1,257.73,22.75,24.36,23.88,21.62,0.93,28.18,0
15,4.55,1.92,1,282,282,Car,1,277.83,23.75,25.21,24.73,12.33,0.49,40.02,0
16,5.05,2.12,1,309,309,Car,1,302.69,24.34,25.82,24.58,19.86,0.81,15.32,0
17,4.95,1.92,1,311,311,Car,1,302.15,23.65,25.23,24.37,33.97,1.37,16.00,0
18,15.36,2.50,1,316,316,Truck,2,296.19,22.83,24.09,23.52,158.60,6.94,-1.00,0
19,15.56,2.50,1,399,399,Truck,2,372.57,22.56,24.10,23.42,60.33,2.66,-1.00,0
20,8.89,2.50,2,217,216,Truck,1,202.48,22.78,24.05,23.56,40.56,1.74,46.92,0
21,4.45,2.02,2,256,255,Car,2,362.50,33.24,37.30,35.71,91.32,2.70,-1.00,0
22,5.05,2.12,2,264,263,Car,1,259.21,23.86,25.30,24.75,12.32,0.50,19.62,0
23,4.85,2.12,2,327,326,Car,1,350.74,24.59,32.18,26.99,12.33,0.50,4.91,0
24,4.85,2.12,21,329,309,Car,2,411.59,31.63,35.14,33.43,62.55,1.97,-1.00,0
25,4.85,2.02,30,173,144,Car,2,228.97,38.01,42.08,40.05,40.49,1.03,-1.00,0
26,4.45,1.92,32,352,321,Car,1,319.79,24.44,26.66,24.99,14.24,0.57,15.21,1
27,3.84,1.82,37,393,357,Car,1,409.17,24.75,33.82,28.75,71.55,2.24,10.01,0
28,17.48,2.50,37,478,442,Truck,2,409.93,22.16,24.39,23.25,51.77,2.33,369.64,0
29,4.65,1.92,38,347,310,Car,2,411.13,31.37,35.55,33.28,16.74,0.53,145.02,0
30,4.55,2.22,61,372,312,Car,2,408.68,31.43,35.48,32.89,19.96,0.63,413.72,0
31,4.95,2.02,62,414,353,Car,1,410.66,24.86,35.23,29.17,16.54,0.62,10.67,0
32,4.95,2.02,63,514,452,Car,2,411.18,22.36,23.87,22.80,19.11,0.84,125.15,0
33,4.75,2.22,94,539,446,Car,2,408.36,22.65,23.24,22.94,17.29,0.75,35.98,0
34,4.75,2.02,112,377,266,Car,1,319.47,24.23,42.38,30.16,19.85,0.78,4.28,0
35,7.48,2.50,120,437,318,Truck,2,407.86,30.66,33.87,32.18,65.73,2.14,-1.00,0
36,4.24,1.82,133,438,306,Car,1,409.49,30.90,36.07,33.58,32.59,1.05,5.43,1
37,4.85,2.32,146,467,322,Car,2,410.70,30.14,34.05,31.99,28.55,0.94,14187.28,0
38,4.55,2.02,153,576,424,Car,2,412.43,23.43,25.63,24.39,31.70,1.25,14.68,0
39,4.35,1.92,177,502,326,Car,2,413.54,30.59,33.92,31.82,35.96,1.17,1508.65,0
40,7.07,2.43,203,604,402,Car,2,385.98,22.93,24.38,24.06,23.97,0.99,132.25,0
41,4.35,1.82,211,637,427,Car,2,411.16,23.39,24.64,24.13,18.04,0.73,15.79,0
42,5.05,2.12,228,500,273,Car,1,409.77,32.22,40.95,37.68,77.29,2.26,11.74,0
43,5.15,2.12,228,551,324,Car,2,413.02,30.73,33.26,31.99,58.11,1.84,2144.29,0
44,4.45,2.12,247,672,426,Car,2,412.05,23.62,24.90,24.24,27.67,1.16,33.47,0
45,4.24,2.12,275,603,329,Car,2,410.70,30.48,32.54,31.32,52.75,1.73,-1.00,0
46,4.24,1.82,285,545,261,Car,1,403.70,34.73,40.96,38.83,180.97,4.53,13.72,0
47,4.75,2.32,308,648,341,Car,2,412.43,28.76,31.64,30.34,32.16,1.02,56.39,0
48,5.05,1.92,312,606,295,Car,1,410.04,31.97,37.35,34.88,38.29,1.02,-1.00,0
49,4.95,2.02,330,644,315,Car,1,411.13,32.07,34.59,32.74,161.97,4.68,-1.00,0
50,4.75,2.12,330,675,346,Car,2,413.28,28.68,30.68,29.96,23.84,0.83,22.65,0
51,12.03,2.50,337,739,403,Truck,2,408.61,24.51,25.87,25.42,56.97,2.21,40.33,0
52,5.05,2.12,355,702,348,Car,2,411.40,29.15,30.18,29.65,23.57,0.80,271.04,0
53,4.65,2.02,387,734,348,Car,2,413.10,29.16,30.20,29.78,30.62,1.03,74.04,0
54,16.98,2.50,398,807,410,Truck,1,406.82,23.87,25.87,24.88,107.99,4.18,-1.00,0
55,19.20,2.50,441,802,362,Truck,2,367.75,24.09,26.60,25.47,42.38,1.75,52.75,0
56,4.75,2.02,444,749,306,Car,2,411.23,28.93,37.24,33.72,12.48,0.42,4.88,0
57,16.78,2.50,488,900,413,Truck,1,408.04,23.43,26.14,24.77,69.32,2.83,102.42,0
58,17.08,2.50,547,954,408,Truck,2,411.37,24.19,26.37,25.28,26.47,1.01,-1.00,0
59,4.14,2.02,573,852,280,Car,2,411.90,35.86,37.75,36.90,151.03,4.06,18.40,0
60,4.55,2.12,597,900,304,Car,2,403.82,31.83,34.38,33.33,28.69,0.87,3.59,2
61,4.65,2.02,639,862,224,Car,1,407.98,44.13,47.52,45.77,394.20,8.30,28.06,0
62,17.18,2.50,760,1150,391,Truck,1,387.48,23.77,25.89,24.85,248.52,9.90,146.19,0
63,4.45,2.02,778,1039,262,Car,1,409.15,38.92,39.50,39.21,254.67,6.44,-1.00,0
64,10.91,2.43,808,1221,414,Car,1,408.97,23.29,26.57,24.76,34.41,1.38,30.42,0
65,4.45,2.02,884,1140,257,Car,1,407.35,37.85,41.49,39.80,161.03,4.00,131.60,0
66,4.65,1.92,911,1236,326,Car,1,402.65,29.62,32.29,30.99,20.03,0.67,3.10,0
67,4.55,1.92,948,1225,278,Car,1,408.83,35.36,38.46,36.92,94.74,2.46,-1.00,0
68,4.75,1.97,960,1277,318,Car,1,408.78,29.97,34.64,32.25,38.66,1.27,20.48,0
69,4.24,1.82,987,1310,324,Car,1,411.43,30.48,33.72,31.86,34.71,1.03,68.78,0
70,3.74,1.82,991,1272,282,Car,1,408.78,33.76,38.25,36.39,60.08,1.60,77.68,0
71,5.46,2.12,1201,1492,292,Car,1,409.07,33.44,36.60,35.16,245.93,6.90,46.74,1
72,17.08,2.50,1201,1583,383,Truck,1,387.79,24.25,26.53,25.39,20.09,0.77,-1.00,0
73,4.75,1.92,1218,1477,260,Car,1,410.07,37.37,42.29,39.60,16.22,0.42,6.34,0
74,4.45,1.92,1233,1524,292,Car,2,409.01,31.65,37.04,35.14,-1.00,-1.00,-1.00,0
75,4.14,1.82,1254,1548,295,Car,2,402.40,31.54,35.44,34.24,28.05,0.84,-1.00,1
76,4.75,1.92,1259,1669,411,Car,1,410.41,24.24,26.23,25.03,57.84,2.22,369.11,0
77,11.93,2.50,1272,1676,405,Truck,2,407.25,24.09,26.41,25.21,25.22,1.03,-1.00,0
78,4.75,2.02,1284,1588,305,Car,2,402.84,30.83,34.20,33.14,33.26,1.08,-1.00,1
79,5.46,2.12,1314,1603,290,Car,2,410.27,31.24,39.47,35.55,30.61,0.85,14.85,0
80,16.98,2.50,1320,1748,429,Truck,2,407.40,22.76,25.17,23.81,31.32,1.37,-1.00,0
81,4.35,2.02,1345,1649,305,Car,2,410.69,30.57,37.01,33.79,34.43,1.12,-1.00,0
82,4.35,2.02,1371,1681,311,Car,2,411.63,29.66,36.83,33.22,26.47,0.89,-1.00,0
83,4.95,1.92,1393,1709,317,Car,2,409.62,29.28,36.84,32.43,21.86,0.74,-1.00,0
84,4.75,1.92,1423,1740,318,Car,2,409.81,28.94,36.46,32.34,29.98,1.01,3223.86,0
85,4.55,1.92,1425,1779,355,Car,2,410.60,27.97,29.54,29.01,30.02,1.04,8.06,0
86,4.95,1.92,1429,1698,270,Car,1,403.14,35.43,39.79,37.48,17.42,0.49,3.90,1
87,4.95,1.92,1443,1685,243,Car,1,409.75,41.97,42.80,42.37,346.91,8.10,295.85,0
88,4.24,2.12,1446,1780,335,Car,2,410.99,27.33,35.56,30.78,22.54,0.82,-1.00,0
89,5.15,2.02,1487,1761,275,Car,1,402.00,35.02,38.58,36.70,69.11,1.79,115.26,1
90,16.98,2.50,1498,1927,430,Truck,1,407.43,22.66,24.77,23.76,53.51,2.19,-1.00,0
91,4.55,2.02,1500,1835,336,Car,2,410.35,29.86,31.80,30.64,63.56,2.12,26.11,0
92,5.05,2.12,1519,1822,304,Car,2,409.40,32.39,36.95,33.80,46.35,1.42,8.53,0
93,4.45,1.92,1524,1784,261,Car,1,408.65,38.54,39.83,39.32,48.30,1.23,21.99,0
94,17.08,2.50,1569,1990,422,Truck,1,407.89,23.24,25.32,24.23,40.96,1.75,52.57,0
95,5.26,2.02,1570,1810,241,Car,1,411.69,40.65,45.61,42.90,36.26,0.89,9.81,0
96,4.04,1.92,1581,1906,326,Car,2,411.10,30.89,32.46,31.63,86.84,2.73,59.78,1
97,3.94,1.92,1589,1950,362,Car,2,404.08,26.75,29.26,28.00,16.02,0.59,-1.00,0
98,4.14,2.02,1661,1997,337,Car,2,410.32,29.81,31.29,30.54,46.66,1.52,20.65,0
99,3.94,1.82,1689,2023,335,Car,2,410.50,30.02,31.59,30.74,29.63,0.94,24.43,0
100,10.41,2.43,1779,2200,422,Car,2,403.01,22.87,25.15,23.94,91.41,3.99,-1.00,0
101,4.75,2.12,1793,1979,187,Car,2,350.66,44.80,48.14,47.12,301.87,6.58,25.98,0
102,5.05,2.12,1794,2025,232,Car,2,411.28,41.59,46.66,44.54,48.61,1.17,-1.00,0
103,4.95,2.12,1829,2104,276,Car,2,402.31,33.95,38.05,36.60,52.50,1.54,-1.00,0
104,19.40,2.50,1832,2233,402,Truck,1,385.33,23.10,24.98,24.03,15.23,0.64,180.68,0
105,4.45,1.92,1867,2175,309,Car,1,403.77,30.93,34.32,32.79,-1.00,-1.00,-1.00,1
106,4.85,1.92,1881,2185,305,Car,1,403.96,32.47,34.20,33.22,14.99,0.45,74.32,0
107,4.75,2.02,1905,2208,304,Car,1,410.61,33.35,34.65,33.89,20.17,0.58,14.75,0
108,4.35,2.22,1911,2162,252,Car,2,411.10,39.75,42.53,40.98,84.69,2.06,6.01,1
109,5.05,2.02,1933,2249,317,Car,1,410.98,31.72,33.54,32.54,34.21,1.03,192.81,0
110,4.55,2.02,1942,2191,250,Car,2,408.91,40.50,41.52,41.08,39.18,0.95,34.32,0
111,4.65,1.92,1957,2270,314,Car,1,409.47,32.15,33.10,32.73,22.09,0.67,19.90,0
112,4.65,2.32,1965,2211,247,Car,2,408.08,40.84,42.12,41.52,28.67,0.69,34.03,0
113,4.65,2.02,2030,2355,326,Car,2,409.75,29.31,33.54,31.54,104.72,3.57,30.70,1
114,4.24,1.82,2042,2341,300,Car,1,410.71,33.70,35.61,34.35,91.30,2.70,37.84,0
115,16.78,2.50,2043,2472,430,Truck,1,409.58,23.00,24.91,23.88,184.82,7.63,149.15,0
116,13.04,2.50,2070,2470,401,Truck,2,391.55,23.44,25.39,24.48,24.89,1.05,-1.00,0
117,4.14,1.82,2079,2509,431,Car,1,408.90,22.18,25.48,23.78,23.63,0.97,22.46,0
118,4.85,1.92,2117,2352,236,Car,1,329.08,33.33,39.19,35.03,9.60,0.28,4.30,0
119,4.65,1.92,2235,2532,298,Car,1,410.02,33.55,35.09,34.54,59.89,1.74,4.93,1
120,3.74,1.82,2247,2585,339,Car,2,386.52,26.82,30.06,28.59,133.00,4.59,36.09,0
121,4.95,1.92,2335,2618,284,Car,1,402.26,34.05,37.02,35.55,127.12,3.52,12.36,1
122,9.50,2.50,2353,2757,405,Truck,2,406.26,24.70,25.62,25.16,135.66,5.42,-1.00,1
123,16.98,2.50,2354,2769,416,Truck,1,388.27,22.28,24.32,23.40,50.18,2.08,-1.00,0
124,9.50,2.50,2368,2807,440,Truck,2,408.20,22.49,23.90,23.26,11.15,0.49,-1.00,0
125,4.55,2.02,2369,2685,317,Car,2,407.93,25.47,38.80,32.30,10.61,0.39,5.76,0
126,4.95,2.22,2411,2747,337,Car,2,401.37,23.57,36.33,29.88,39.31,1.66,-1.00,0
127,7.98,2.32,2425,2749,325,Car,1,399.70,28.97,32.98,30.85,124.19,3.77,-1.00,0
128,3.84,1.92,2455,2791,337,Car,2,374.88,22.82,33.65,27.90,11.54,0.50,-1.00,0
129,6.16,2.32,2461,2773,313,Car,1,410.20,29.49,37.01,32.88,11.62,0.39,6.55,0
130,15.56,2.50,2509,2923,415,Truck,1,406.71,23.40,25.61,24.57,111.50,4.60,56.88,0
131,4.04,1.92,2512,2804,293,Car,1,410.04,30.77,39.65,35.12,33.85,1.10,10.18,0
132,4.45,1.92,2538,2890,353,Car,2,410.23,28.21,31.02,29.16,96.92,3.24,16.21,0
133,4.65,1.92,2557,2856,300,Car,1,410.08,31.60,37.71,34.30,61.81,1.77,33.20,0
134,4.75,2.12,2594,2952,359,Car,2,409.79,27.32,29.98,28.64,57.70,2.10,-1.00,0
135,4.80,2.12,2598,2897,300,Car,2,408.31,32.62,36.88,34.17,136.59,3.96,28.51,0
136,4.75,2.02,2612,2913,302,Car,1,408.70,32.84,35.06,33.96,70.29,2.11,40.10,0
137,4.80,2.02,2639,2954,316,Car,1,410.18,30.82,35.42,32.57,34.02,0.97,90.41,0
138,4.35,2.12,2654,2954,301,Car,2,407.82,30.63,35.18,33.99,68.42,2.11,323.47,0
139,4.75,2.02,2659,2977,319,Car,1,411.09,29.66,33.83,32.34,22.09,0.71,20.42,0
140,11.98,2.50,2674,3122,449,Truck,2,409.08,21.93,23.92,22.84,27.50,1.23,-1.00,0
141,4.65,1.92,2681,2994,314,Car,2,408.55,30.35,34.05,32.65,31.46,1.03,13.68,1
142,4.85,2.02,2699,2996,298,Car,2,412.16,29.64,39.60,34.72,17.72,0.59,14.29,0
143,9.50,2.22,2709,3158,450,Car,2,409.67,22.06,23.86,22.82,19.06,0.80,31.79,0
144,17.18,2.50,2720,3159,440,Truck,1,407.14,22.00,24.20,23.19,196.02,8.11,-1.00,0
145,5.05,2.12,2739,3071,333,Car,2,408.71,27.88,34.44,30.79,40.78,1.46,-1.00,0
146,4.75,2.02,2815,3218,404,Car,2,410.09,24.68,26.07,25.44,58.04,2.23,19.19,0
147,3.13,1.92,2853,3155,303,Car,1,409.73,33.75,34.81,33.93,40.80,1.20,4.71,1
148,5.15,2.12,2866,3098,233,Car,1,401.63,41.92,44.47,43.31,208.74,4.81,15.23,0
149,4.55,2.02,2879,3155,277,Car,2,411.15,36.14,38.20,37.26,116.62,3.17,20.35,0
150,5.76,2.43,2883,3184,302,Car,1,408.82,32.51,35.32,33.96,30.02,0.88,6.05,1
151,4.85,1.92,2905,3231,327,Car,2,402.46,29.71,31.49,30.87,19.20,0.62,3.75,0
152,4.65,1.92,2967,3224,258,Car,2,407.91,37.14,41.68,39.69,111.24,2.73,24.24,0
153,4.85,1.92,3031,3309,279,Car,2,408.12,34.88,38.59,36.72,91.77,2.63,-1.00,0
154,5.15,2.22,3093,3379,287,Car,2,408.68,33.78,37.77,35.75,81.04,2.40,-1.00,0
155,16.47,2.50,3110,3515,406,Truck,2,409.03,24.18,26.26,25.26,234.14,9.68,-1.00,0
156,5.15,2.12,3131,3415,285,Car,2,409.16,33.97,38.44,36.04,47.07,1.33,-1.00,0
157,16.98,2.50,3196,3601,406,Truck,1,406.16,23.95,26.15,25.08,-1.00,-1.00,-1.00,0
158,4.55,2.02,3198,3487,290,Car,2,409.33,33.88,37.31,35.43,87.91,2.59,-1.00,0
159,5.05,2.02,3247,3546,300,Car,2,408.84,31.09,36.46,34.20,61.75,1.98,-1.00,0
160,19.50,2.50,3250,3656,407,Truck,1,405.83,23.88,26.10,25.00,33.61,1.38,101.52,0
161,4.95,2.12,3267,3570,304,Car,2,408.46,30.66,37.13,33.72,17.82,0.58,4616.26,0
162,12.23,2.50,3274,3691,418,Truck,2,407.30,23.12,25.55,24.43,16.33,0.68,-1.00,0
163,5.05,2.02,3284,3594,311,Car,2,410.25,31.18,35.36,33.11,17.18,0.52,14.46,1
164,4.35,1.92,3312,3612,301,Car,2,410.94,31.14,38.59,34.26,30.92,0.99,176.95,0
165,9.10,2.50,3321,3745,425,Truck,2,406.56,23.12,24.64,23.98,34.39,1.48,-1.00,0
166,4.14,1.92,3338,3658,321,Car,2,410.42,30.14,34.44,32.08,28.15,0.93,-1.00,0
167,4.35,1.92,3361,3662,302,Car,1,409.71,32.96,34.50,34.04,-1.00,-1.00,-1.00,0
168,4.04,1.82,3364,3684,321,Car,2,410.49,31.18,33.53,32.08,26.12,0.83,28.45,0
169,4.55,1.92,3375,3681,307,Car,1,409.39,32.80,34.04,33.50,13.52,0.40,52.12,0
170,4.65,1.92,3394,3706,313,Car,2,409.93,32.47,33.19,32.86,23.38,0.71,15.27,0
171,5.36,2.12,3398,3714,317,Car,1,410.15,32.07,32.91,32.46,25.06,0.77,-1.00,0
172,9.60,2.50,3400,3814,415,Truck,1,395.23,22.88,24.79,23.87,30.43,1.27,-1.00,0
173,4.45,1.82,3423,3735,313,Car,1,402.88,30.93,33.84,32.29,24.03,0.74,13.87,1
174,4.55,2.02,3427,3735,309,Car,2,410.00,32.75,33.76,33.29,32.35,0.98,33.24,0
175,4.95,1.92,3444,3750,307,Car,2,409.54,32.75,34.26,33.45,15.34,0.47,21.67,0
176,16.37,2.50,3445,3872,428,Truck,1,407.02,22.85,25.08,23.84,24.10,1.01,54.36,0
177,5.26,1.92,3459,3773,315,Car,1,408.85,31.97,33.62,32.56,41.64,1.27,87.19,0
178,4.55,1.92,3472,3823,352,Car,1,407.72,26.48,30.72,29.06,11.93,0.42,3.03,1
179,4.95,2.02,3475,3788,314,Car,1,409.88,32.13,33.78,32.75,14.53,0.44,23.37,0
180,4.95,2.12,3483,3775,293,Car,2,410.00,34.18,35.65,35.12,28.84,0.83,15.08,0
181,16.98,2.50,3546,3936,391,Truck,1,386.54,23.68,25.90,24.79,62.46,2.41,45.70,0
182,4.85,1.97,3573,3870,298,Car,2,400.89,29.99,36.28,33.77,122.80,3.97,161.22,0
183,2.83,1.82,3592,3908,317,Car,2,398.73,29.66,33.11,31.56,19.17,0.64,-1.00,1
184,17.08,2.50,3625,4009,385,Truck,2,371.23,23.24,25.04,24.19,62.17,2.54,-1.00,0
185,5.05,1.92,3630,3946,317,Car,2,402.18,29.94,34.42,31.84,41.50,1.37,127.97,0
186,4.55,1.92,3661,3987,327,Car,2,408.76,29.15,32.43,31.36,31.67,1.08,-1.00,0
187,9.10,2.50,3667,4090,424,Truck,2,406.12,22.80,25.61,24.01,65.74,2.87,-1.00,0
188,4.45,1.92,3687,4017,331,Car,2,409.15,27.84,34.19,31.02,26.43,0.95,30.35,0
189,4.24,1.82,3694,4074,381,Car,2,410.01,23.80,30.19,26.98,15.29,0.59,6.59,1
190,16.07,2.50,3718,4182,465,Truck,1,407.23,20.97,22.90,21.95,158.03,6.93,-1.00,0
191,16.67,2.50,3745,4165,421,Truck,1,408.06,23.35,25.34,24.30,295.81,11.69,-1.00,0
192,4.85,2.12,3759,4178,420,Car,1,408.40,23.39,25.43,24.38,7.84,0.32,19.57,0
193,4.95,2.02,3778,4198,421,Car,1,410.27,23.58,25.79,24.43,13.43,0.56,13.67,0
194,4.45,1.92,3790,4179,390,Car,2,408.19,24.69,29.80,26.26,89.55,3.46,49.43,0
195,16.98,2.50,3808,4272,465,Truck,1,407.47,21.03,23.09,21.97,59.46,2.79,112.92,0
196,4.85,2.02,3810,4227,418,Car,1,409.86,23.71,25.60,24.58,22.85,0.94,34.33,0
197,6.47,2.43,3815,4141,327,Car,2,408.76,30.02,33.02,31.36,82.19,2.55,28.61,0
198,4.85,2.02,3838,4165,328,Car,2,407.41,29.67,31.84,31.16,21.02,0.66,47.49,0
199,4.24,1.92,3855,4181,327,Car,2,401.30,28.82,31.87,30.79,17.00,0.59,84.02,0
200,4.85,1.92,3863,4260,398,Car,1,409.73,23.65,30.61,25.80,26.66,1.11,9.57,0
201,4.35,1.92,3872,4205,334,Car,2,409.81,28.31,32.22,30.78,14.70,0.52,6.00,0
202,4.85,1.92,3896,4281,386,Car,1,409.21,23.19,31.43,26.57,13.11,0.54,7.94,0
203,4.24,1.92,3919,4311,393,Car,1,409.95,23.46,30.36,26.15,23.30,0.82,48.70,0
204,5.46,2.12,3932,4256,325,Car,2,409.87,30.02,34.41,31.65,61.47,1.92,54.97,0
205,16.88,2.50,3935,4355,421,Truck,2,407.52,23.20,25.60,24.27,131.70,5.67,-1.00,0
206,15.26,2.50,3959,4366,408,Truck,1,405.53,23.74,26.07,24.92,76.84,3.17,23.92,0
207,4.55,1.92,3967,4292,326,Car,2,407.58,29.13,34.05,31.37,35.92,1.23,111.30,0
208,4.24,1.82,3968,4391,424,Car,2,409.38,23.39,25.48,24.20,28.14,1.19,100.18,0
209,5.05,1.92,3982,4339,358,Car,1,409.78,23.25,36.83,28.71,21.17,0.88,5.22,0
210,4.55,1.82,3998,4329,332,Car,2,409.24,29.20,33.39,30.92,32.86,1.12,-1.00,0
211,2.83,1.72,4007,4415,409,Car,2,408.87,24.40,26.22,25.06,18.96,0.76,10.25,0
212,4.65,2.02,4024,4354,331,Car,2,408.98,29.67,33.17,30.99,21.94,0.73,17.27,0
213,4.45,1.92,4027,4373,347,Car,1,409.82,22.47,39.73,29.62,24.79,1.02,7.09,0
214,4.55,2.02,4094,4389,296,Car,2,408.30,33.11,36.77,34.62,44.96,1.31,10.71,0
215,5.15,1.82,4102,4452,351,Car,1,407.79,27.01,31.66,29.14,87.59,3.14,21.11,0
216,4.75,2.02,4108,4449,342,Car,2,408.49,28.33,30.83,29.97,34.54,1.19,8.37,0
217,4.75,2.12,4142,4422,281,Car,2,411.08,36.03,37.70,36.74,41.23,1.14,15.14,0
218,4.35,1.92,4184,4575,392,Car,2,409.54,25.10,27.30,26.20,88.60,3.27,-1.00,0
219,3.94,1.82,4214,4570,357,Car,1,410.51,28.51,29.70,28.84,130.18,4.55,82.85,0
220,4.95,1.92,4227,4591,365,Car,2,401.35,27.19,28.23,27.58,21.00,0.76,8.91,0
221,7.28,2.32,4293,4604,312,Car,1,409.43,29.58,36.08,32.92,33.80,1.12,10.07,0
222,4.45,1.92,4301,4635,335,Car,2,408.80,28.59,31.45,30.63,38.64,1.31,13.30,0
223,3.74,1.82,4321,4598,278,Car,1,409.00,36.56,37.68,36.93,326.67,8.73,22.03,0
224,5.26,2.02,4360,4613,254,Car,1,409.86,36.57,47.47,40.51,16.90,0.46,4.68,0
225,4.85,1.92,4379,4697,319,Car,2,408.96,30.51,33.77,32.16,77.90,2.35,17.05,0
226,14.45,2.50,4384,4821,438,Truck,1,408.14,22.42,24.42,23.36,114.57,4.70,-1.00,0
227,12.33,2.50,4519,4935,417,Truck,2,397.74,22.69,25.22,23.90,28.61,1.21,-1.00,0
228,4.65,1.92,4530,4819,290,Car,2,409.36,33.78,36.83,35.44,174.44,4.86,81.80,1
229,4.85,2.02,4541,4973,433,Car,2,408.61,22.41,24.35,23.65,27.20,1.21,-1.00,0
230,4.55,1.92,4561,4991,431,Car,2,410.38,21.51,24.93,23.87,12.16,0.49,15.31,0
231,4.45,2.02,4574,4984,411,Car,2,403.58,19.11,30.28,24.62,5.66,0.19,1.32,1
232,4.95,1.92,4583,4864,282,Car,1,400.05,35.03,37.27,35.60,62.22,1.77,4.88,1
233,4.85,2.02,4597,4839,243,Car,1,407.83,40.41,43.97,42.15,376.11,8.56,51.42,0
234,4.65,2.02,4602,4887,286,Car,2,409.73,33.60,38.77,35.97,91.75,2.71,-1.00,0
235,4.75,2.12,4636,4921,286,Car,2,410.06,33.53,38.17,35.98,41.96,1.23,-1.00,0
236,4.85,2.02,4666,4948,283,Car,2,410.11,34.77,37.65,36.38,33.63,0.92,44.13,0
237,4.14,1.82,4691,4937,247,Car,1,410.57,39.88,43.55,41.74,109.86,2.67,17.12,0
238,5.76,2.12,4706,5053,348,Car,2,409.86,26.87,31.08,29.54,52.43,1.94,22.97,1
239,4.24,1.82,4767,5035,269,Car,1,403.06,36.67,38.77,37.61,126.47,3.27,-1.00,0
240,4.85,1.92,4790,5025,236,Car,1,407.56,42.40,43.85,43.39,268.85,6.18,33.39,0
241,4.45,2.02,4829,5161,333,Car,2,409.69,29.96,31.70,30.86,131.07,4.30,34.04,1
242,17.48,2.50,4882,5257,376,Truck,2,374.32,23.79,25.81,24.97,19.07,0.78,-1.00,0
243,17.03,2.50,4896,5313,418,Truck,1,408.42,23.39,25.70,24.50,179.31,6.97,-1.00,0
244,17.28,2.50,4927,5339,413,Truck,2,410.17,23.81,26.19,24.90,61.15,2.56,-1.00,0
245,4.95,2.22,4939,5267,329,Car,2,408.87,29.91,32.34,31.17,263.31,8.60,-1.00,0
246,4.75,2.02,4941,5285,345,Car,1,409.70,26.78,32.43,29.79,21.90,0.73,4.14,1
247,4.95,2.12,4957,5284,328,Car,2,410.68,30.40,32.42,31.41,15.39,0.47,29.29,0
248,6.27,2.32,4972,5287,316,Car,2,400.03,31.18,32.59,31.76,8.45,0.26,13.96,0
249,4.95,2.02,5000,5319,320,Car,2,411.70,31.23,33.09,32.28,25.32,0.77,20.67,0
250,16.98,2.50,5009,5420,412,Truck,2,409.22,23.65,26.28,24.90,60.73,2.56,-1.00,0
251,4.14,2.02,5042,5349,308,Car,2,408.99,31.38,35.68,33.32,39.78,1.12,13.01,0
252,4.75,2.02,5096,5392,297,Car,2,402.62,33.40,35.28,34.03,58.94,1.76,34.71,0
253,4.45,1.82,5118,5407,290,Car,1,401.69,34.17,35.53,34.76,131.03,3.80,11.83,0
254,4.85,2.53,5145,5443,299,Car,2,408.57,33.38,35.64,34.29,58.30,1.69,118.39,0
255,15.16,2.50,5152,5584,433,Truck,2,407.79,22.70,24.69,23.61,123.01,5.41,-1.00,0
256,9.60,2.50,5165,5548,384,Truck,1,395.67,24.51,26.92,25.84,57.10,2.12,-1.00,0
257,4.55,2.22,5172,5463,292,Car,2,409.97,33.57,36.01,35.24,24.11,0.67,18.83,0
258,4.45,1.92,5224,5534,311,Car,2,400.29,29.61,34.06,32.29,22.89,0.71,2.69,1
259,4.95,2.32,5271,5560,290,Car,2,408.55,33.54,36.04,35.36,21.61,0.61,10.15,0
260,5.26,2.12,5294,5512,219,Car,1,404.17,44.11,47.93,46.36,-1.00,-1.00,-1.00,0
261,4.14,1.82,5294,5586,293,Car,2,411.37,33.33,36.42,35.24,29.65,0.89,37.10,0
262,10.41,2.50,5306,5710,405,Truck,2,394.86,23.38,26.93,24.45,87.39,3.73,802.30,0
263,4.04,1.92,5331,5630,300,Car,2,410.39,31.45,37.65,34.34,44.98,1.43,506.23,0
264,8.79,2.50,5369,5793,425,Truck,2,407.11,23.09,24.96,24.03,49.66,2.12,-1.00,0
265,4.14,1.92,5397,5706,310,Car,2,411.13,31.00,35.03,33.27,79.57,2.56,-1.00,0
266,7.78,2.50,5414,5832,419,Truck,2,409.06,22.43,25.22,24.50,31.75,1.26,32.34,0
267,5.05,2.12,5437,5749,313,Car,2,410.67,30.34,35.35,32.92,45.50,1.50,-1.00,0
268,4.14,1.92,5437,5858,422,Car,2,410.30,22.62,25.76,24.38,15.56,0.67,20.45,0
269,4.95,2.12,5457,5784,328,Car,2,410.26,29.96,33.81,31.38,19.17,0.64,-1.00,0
270,3.84,1.82,5470,5766,297,Car,1,410.98,33.01,36.43,34.73,281.43,7.90,25.30,0
271,6.06,2.32,5476,5806,331,Car,2,409.05,28.48,32.77,31.02,14.28,0.50,32.26,0
272,4.55,2.12,5514,5831,318,Car,2,412.11,31.97,33.43,32.52,27.86,0.84,11.46,0
273,5.05,2.22,5525,5868,344,Car,1,410.60,28.58,30.88,29.94,74.75,2.42,-1.00,0
274,3.74,1.82,5553,5914,362,Car,2,406.96,26.51,29.94,28.18,63.43,2.17,18.32,0
275,6.16,2.32,5639,5977,339,Car,1,409.51,28.78,31.71,30.30,120.37,4.06,90.35,0
276,4.14,1.82,5654,6027,374,Car,2,411.05,25.90,28.85,27.54,108.68,4.14,-1.00,0
277,4.35,1.82,5683,5989,307,Car,1,401.75,31.89,34.05,32.84,18.56,0.58,5.80,0
278,3.94,1.92,5690,6058,369,Car,2,410.75,26.61,29.03,27.92,31.57,1.09,60.53,0
279,4.55,2.02,5697,5962,266,Car,2,407.22,36.89,40.39,38.45,202.98,5.30,40.99,0
280,4.55,2.02,5717,5991,275,Car,2,392.60,33.77,37.10,35.82,27.03,0.80,-1.00,0
281,4.55,2.02,5736,6031,296,Car,2,409.94,34.30,35.60,34.76,22.10,0.63,62.78,0
282,7.48,2.50,5740,6149,410,Truck,1,407.81,24.62,25.25,24.93,69.89,2.82,-1.00,0
283,4.65,2.02,5757,6057,301,Car,2,409.76,33.61,34.77,34.16,23.04,0.66,344.88,0
284,5.26,2.02,5775,5940,166,Car,1,407.77,59.60,64.00,61.82,-1.00,-1.00,-1.00,0
285,4.85,2.02,5794,6078,285,Car,2,403.26,33.16,36.61,35.51,30.06,0.90,7.01,0
286,4.45,1.82,5941,6164,224,Car,1,411.40,44.19,47.79,46.13,-1.00,-1.00,-1.00,0
287,5.05,2.02,6056,6283,228,Car,2,410.71,44.07,45.83,45.26,404.75,8.94,35.97,1
288,17.18,2.50,6060,6475,416,Truck,1,387.19,22.28,24.23,23.34,301.77,12.47,-1.00,0
289,4.85,1.92,6067,6322,256,Car,2,410.52,39.41,40.82,40.28,36.80,0.91,60.33,0
290,4.14,1.92,6180,6447,268,Car,2,402.72,35.60,39.67,37.72,175.62,4.93,-1.00,0
291,5.66,2.12,6191,6500,310,Car,1,409.16,31.13,34.40,33.11,-1.00,-1.00,-1.00,0
292,4.35,1.82,6211,6526,316,Car,2,408.81,31.12,34.55,32.46,39.38,1.26,-1.00,0
293,4.65,2.02,6239,6451,213,Car,2,410.97,46.71,50.09,48.52,-1.00,-1.00,-1.00,0
294,5.05,1.92,6271,6535,265,Car,2,401.80,36.40,40.05,38.07,17.73,0.44,3.29,1
295,17.18,2.50,6311,6735,425,Truck,1,408.05,22.99,25.25,24.07,207.82,8.53,98.49,0
296,7.07,2.22,6376,6723,348,Car,2,410.59,28.23,31.96,29.60,148.62,5.26,-1.00,0
297,5.26,2.02,6390,6645,256,Car,1,410.92,38.87,41.68,40.30,222.87,5.51,23.95,0
298,4.55,1.92,6410,6676,267,Car,1,410.25,37.70,39.64,38.57,29.29,0.74,-1.00,0
299,5.26,2.12,6415,6771,357,Car,2,409.73,27.46,29.77,28.78,38.58,1.40,-1.00,0
300,4.45,2.02,6433,6704,272,Car,2,401.45,35.83,38.62,37.06,247.39,6.76,-1.00,0
301,16.98,2.50,6450,6849,400,Truck,1,388.43,23.20,25.59,24.35,109.95,4.61,107.89,0
302,4.65,1.92,6465,6727,263,Car,1,408.17,37.71,40.25,38.97,72.13,1.89,60.00,0
303,5.86,2.12,6479,6851,373,Car,1,409.56,26.21,29.48,27.53,11.41,0.42,3.73,1
304,4.65,1.92,6485,6758,274,Car,1,411.81,36.81,38.32,37.76,30.49,0.80,-1.00,0
305,4.04,1.82,6512,6802,291,Car,1,408.88,34.82,36.10,35.26,33.87,0.94,-1.00,0
306,7.18,2.83,6527,6921,395,Car,1,410.00,25.08,28.66,26.02,38.23,1.42,20.09,0
307,5.15,2.12,6533,6863,331,Car,2,402.07,29.01,31.96,30.47,118.54,3.81,72.41,0
308,4.04,1.82,6543,6814,272,Car,2,409.43,36.76,38.41,37.80,155.54,4.08,5255.83,0
309,4.90,1.92,6596,6865,270,Car,2,408.65,37.26,39.22,38.00,71.46,1.87,70.88,0
310,4.65,1.92,6609,6919,311,Car,2,410.84,32.03,34.34,33.15,62.99,1.87,32.09,0
311,4.55,1.92,6612,6876,265,Car,2,411.97,37.67,39.93,39.03,9.85,0.25,5.85,0
312,4.65,2.02,6655,6908,254,Car,2,406.29,39.35,40.72,40.17,47.87,1.19,25.12,0
313,4.55,1.92,6761,7067,307,Car,2,410.78,32.46,34.33,33.58,193.40,5.75,5584.98,0
314,5.26,2.02,6852,7147,296,Car,2,399.01,32.74,35.47,33.85,111.45,3.34,415.75,0
315,5.26,2.02,6870,7106,237,Car,2,401.64,38.54,45.39,42.58,39.52,1.00,-1.00,0
316,5.15,2.02,6893,7069,177,Car,2,330.16,43.13,48.12,46.88,297.56,6.74,62.11,0
317,4.75,1.82,6961,7249,289,Car,1,408.28,33.01,38.06,35.45,-1.00,-1.00,-1.00,0
318,5.15,1.92,6962,7307,346,Car,2,410.67,28.22,31.68,29.77,143.40,5.08,-1.00,1
319,10.00,2.50,6981,7419,439,Truck,2,401.90,21.85,24.05,22.95,18.64,0.80,-1.00,0
320,9.40,2.50,7005,7397,393,Truck,1,396.33,24.22,26.32,25.29,57.03,2.17,-1.00,0
321,5.05,2.02,7030,7356,327,Car,2,409.13,30.64,32.11,31.39,58.18,1.81,36.21,1
322,4.95,1.92,7091,7382,292,Car,2,400.04,32.07,35.73,34.38,37.36,1.07,3.20,1
323,5.56,2.12,7306,7609,304,Car,2,407.96,32.74,34.49,33.68,250.64,7.38,25.29,0
324,5.05,2.12,7345,7569,225,Car,1,410.29,43.57,47.56,45.82,293.67,6.22,12.75,0
325,6.87,2.27,7486,7744,259,Car,1,410.21,38.39,40.99,39.77,256.17,6.25,-1.00,0
326,4.24,1.82,7502,7768,267,Car,1,409.22,37.21,39.82,38.48,20.80,0.52,-1.00,0
327,4.85,1.92,7518,7792,275,Car,1,408.42,35.54,39.18,37.29,20.26,0.51,-1.00,0
328,4.65,1.82,7543,7783,241,Car,1,408.68,40.61,43.74,42.60,-1.00,-1.00,-1.00,0
329,15.36,2.50,7572,7972,401,Truck,1,406.76,24.13,26.62,25.43,22.56,0.90,-1.00,0
330,5.15,1.92,7625,7905,281,Car,1,409.45,34.27,38.28,36.58,46.99,1.23,3.94,2
331,4.45,2.02,7671,7958,288,Car,2,409.60,33.73,37.79,35.70,-1.00,-1.00,-1.00,0
332,4.75,2.02,7687,7967,281,Car,1,409.95,35.90,37.19,36.62,60.13,1.63,5.10,1
333,5.26,2.12,7724,8091,368,Car,2,408.92,26.97,30.06,27.87,66.83,2.47,-1.00,0
334,5.05,1.92,7738,8020,283,Car,2,398.42,33.63,37.25,35.34,-1.00,-1.00,-1.00,0
335,6.37,2.32,7747,8011,265,Car,1,406.96,36.34,39.90,38.56,58.41,1.57,26.87,0
336,3.54,1.72,7748,8061,314,Car,1,407.89,31.06,34.19,32.60,84.21,2.47,14.37,0
337,4.85,2.02,7765,8029,265,Car,1,410.16,37.01,39.78,38.86,21.45,0.57,22.22,0
338,4.14,1.82,7777,8063,287,Car,2,399.99,32.92,35.71,34.98,49.03,1.48,-1.00,0
339,4.65,1.92,7796,8110,315,Car,1,409.81,31.89,33.28,32.64,57.93,1.80,53.74,0
340,5.36,1.82,7802,8091,290,Car,2,407.22,33.26,36.76,35.25,28.86,0.82,50.28,0
341,19.40,2.50,7878,8309,432,Truck,2,408.60,22.59,24.87,23.71,26.12,1.09,-1.00,0
342,4.75,1.92,7892,8234,343,Car,2,402.44,28.15,30.17,29.43,117.63,4.18,-1.00,1
343,4.45,1.82,7893,8217,325,Car,1,407.97,29.83,33.03,31.49,122.25,3.70,-1.00,0
344,4.75,1.92,7901,8167,267,Car,1,408.82,38.21,38.70,38.44,206.40,5.38,158.80,0
345,3.84,1.92,7930,8257,328,Car,2,400.93,27.52,35.22,30.67,37.48,1.22,25.34,0
346,4.75,1.92,7955,8303,349,Car,2,409.30,27.33,30.69,29.42,23.66,0.86,-1.00,0
347,17.18,2.50,7959,8390,432,Truck,2,407.81,22.58,24.83,23.66,56.43,2.49,-1.00,0
348,10.61,2.50,7960,8362,403,Truck,1,405.97,24.26,26.59,25.26,76.84,2.89,-1.00,0
349,4.04,1.92,7981,8325,345,Car,2,408.88,27.54,32.28,29.73,23.59,0.75,13.45,0
350,4.75,1.92,8007,8351,345,Car,2,409.60,27.78,32.30,29.78,24.19,0.86,60.73,0
351,5.05,1.92,8026,8373,348,Car,2,409.02,27.87,32.59,29.49,15.58,0.55,32.62,0
352,5.05,1.92,8046,8407,362,Car,2,408.17,26.90,30.06,28.28,17.15,0.63,64.78,0
353,17.08,2.50,8053,8483,431,Truck,2,407.55,22.51,25.25,23.70,67.23,2.98,-1.00,0
354,4.85,2.02,8073,8435,363,Car,2,406.80,27.42,29.09,28.10,20.84,0.75,43.18,0
355,4.95,1.92,8100,8364,265,Car,1,410.46,36.83,39.64,38.89,300.47,7.59,305.81,0
356,8.29,2.50,8106,8516,411,Truck,1,396.75,23.53,25.11,24.20,144.12,5.74,-1.00,0
357,4.75,1.92,8120,8386,267,Car,1,407.79,37.25,41.43,38.35,22.46,0.56,11.28,0
358,4.45,1.82,8122,8462,341,Car,2,408.88,28.36,32.16,30.08,27.99,0.94,8.28,0
359,6.27,2.22,8153,8450,298,Car,1,409.17,33.83,34.97,34.46,13.48,0.39,1.35,1
360,4.65,1.92,8158,8493,336,Car,2,400.91,27.51,31.21,29.94,37.01,1.31,19.12,0
361,4.85,1.92,8190,8403,214,Car,1,342.77,38.59,43.38,40.24,20.89,0.54,7.38,0
362,5.05,2.02,8190,8483,294,Car,1,407.50,33.18,37.22,34.79,34.52,0.99,15.81,0
363,5.26,2.02,8192,8543,352,Car,2,409.55,26.33,31.27,29.19,33.89,1.28,33.16,0
364,10.00,2.12,8209,8615,407,Car,2,395.63,22.95,26.52,24.37,134.12,5.53,-1.00,0
365,4.65,2.02,8214,8572,359,Car,2,411.14,26.02,31.43,28.72,18.21,0.70,-1.00,0
366,4.75,1.82,8238,8661,424,Car,2,409.46,22.94,25.80,24.21,23.18,0.96,65.90,0
367,3.64,1.72,8246,8601,356,Car,2,397.94,25.27,29.35,28.02,17.66,0.69,-1.00,0
368,5.05,2.02,8309,8641,333,Car,2,410.03,30.15,31.24,30.89,43.62,1.43,16.33,0
369,6.06,2.53,8382,8704,323,Car,2,409.52,30.92,33.13,31.81,76.21,2.36,35.34,0
370,4.85,1.92,8412,8663,252,Car,1,409.87,38.82,42.88,40.85,284.37,6.81,32.57,0
371,5.05,2.02,8420,8764,345,Car,2,407.59,29.03,30.09,29.64,39.64,1.36,26.03,1
372,4.35,1.92,8425,8798,374,Car,1,409.08,26.51,29.53,27.43,288.23,10.18,53.73,0
373,9.30,2.12,8449,8802,354,Car,2,397.23,27.19,28.58,28.14,26.20,0.96,-1.00,1
374,18.60,2.50,8468,8851,384,Truck,2,369.63,23.14,25.22,24.15,11.85,0.48,-1.00,0
375,5.05,2.02,8500,8704,205,Car,1,400.34,44.65,51.69,49.09,77.66,1.67,9.72,0
376,4.85,2.02,8503,8798,296,Car,1,402.96,31.12,39.40,34.17,11.94,0.37,2.41,1
377,4.45,1.92,8538,8778,241,Car,1,409.63,40.76,44.37,42.70,73.99,1.68,-1.00,0
378,3.84,1.82,8565,8953,389,Car,2,408.18,25.96,26.79,26.32,103.88,3.97,50.90,0
379,11.32,2.73,8598,9004,407,Car,1,407.85,24.48,25.77,25.12,29.72,1.16,-1.00,0
380,4.50,1.82,8604,8907,304,Car,1,408.36,31.13,35.41,33.71,111.62,3.15,21.22,1
381,4.55,1.92,8627,8925,299,Car,2,409.51,33.22,35.93,34.37,27.74,0.81,3.62,1
382,4.55,1.92,8649,9055,407,Car,1,408.42,24.20,26.15,25.15,44.82,1.81,46.11,0
383,4.65,2.02,8664,8947,284,Car,1,409.98,35.87,36.60,36.23,76.71,2.12,41.54,0
384,4.95,1.92,8692,9044,353,Car,2,409.10,28.21,29.94,29.06,81.67,2.88,38.70,0
385,4.85,1.92,8694,8975,282,Car,1,409.70,35.73,37.87,36.47,35.67,0.97,24.58,0
386,3.84,1.72,8702,8974,273,Car,2,406.40,35.03,39.56,37.36,73.24,1.90,27.96,0
387,4.95,2.02,8722,9002,281,Car,2,409.79,34.73,37.07,36.59,25.52,0.73,-1.00,0
388,4.75,2.02,8751,9031,281,Car,2,407.48,34.60,36.97,36.40,35.24,1.02,182.10,0
389,4.85,1.92,8779,9089,311,Car,2,409.10,32.64,33.35,33.01,53.79,1.64,18.15,0
390,17.28,2.50,8818,9222,405,Truck,1,406.21,23.82,26.42,25.15,146.84,5.77,118.11,0
391,4.95,1.82,8822,9058,237,Car,1,409.98,39.96,47.48,43.45,129.41,3.10,15.71,0
392,4.75,1.92,8823,9108,286,Car,2,408.77,33.55,38.49,35.88,98.41,2.93,159.64,0
393,5.05,1.92,8847,9134,288,Car,2,408.96,34.42,36.39,35.64,26.23,0.73,44.11,0
394,4.24,1.82,8910,9243,334,Car,2,408.33,30.27,30.94,30.67,81.75,2.68,-1.00,1
395,16.88,2.50,8910,9323,414,Truck,2,408.29,23.73,25.92,24.73,24.19,0.99,-1.00,0
396,16.57,2.50,8964,9384,421,Truck,2,406.69,23.68,25.89,24.22,33.65,1.41,-1.00,0
397,4.65,1.92,8972,9306,335,Car,2,409.65,29.23,32.45,30.68,72.10,2.46,-1.00,0
398,7.48,2.50,8997,9323,327,Truck,2,408.16,28.91,33.44,31.32,15.19,0.45,19.68,0
399,4.95,2.12,9017,9346,330,Car,2,409.40,29.38,33.77,31.12,18.98,0.64,38.30,0
400,4.04,1.82,9031,9363,333,Car,2,410.36,29.05,33.95,30.92,12.74,0.43,47.48,0
401,9.50,2.50,9038,9438,401,Truck,1,395.53,23.65,25.68,24.73,367.08,14.34,-1.00,1
402,16.78,2.50,9048,9516,469,Truck,1,408.28,20.72,22.71,21.81,16.93,0.77,-1.00,0
403,4.95,1.92,9054,9386,333,Car,2,409.51,28.20,33.68,30.86,21.78,0.77,77.49,0
404,4.85,1.92,9073,9412,340,Car,2,409.09,28.52,33.31,30.18,15.40,0.54,103.59,0
405,4.75,1.82,9083,9539,457,Car,1,409.42,21.60,24.35,22.45,15.71,0.72,14.67,0
406,4.55,1.82,9085,9422,338,Car,1,402.86,28.54,32.20,29.89,12.27,0.43,3.08,0
407,17.18,2.50,9116,9524,409,Truck,2,408.60,23.94,26.07,25.05,38.21,1.49,226.78,0
408,5.26,2.02,9129,9445,317,Car,1,408.55,31.70,33.73,32.34,17.87,0.55,8.71,0
409,4.75,2.02,9130,9454,325,Car,2,402.14,30.04,32.01,31.05,54.45,1.72,39.28,1
410,3.94,1.82,9130,9538,409,Car,2,408.97,24.17,25.88,25.06,10.05,0.39,45.74,0
411,4.45,1.92,9154,9479,326,Car,2,409.11,29.76,34.68,31.49,23.43,0.74,40.37,0
412,5.26,1.92,9156,9464,309,Car,1,410.09,32.55,34.12,33.30,19.28,0.57,9.98,0
413,5.05,1.92,9173,9502,330,Car,2,407.47,28.84,31.73,30.98,16.77,0.58,70.35,0
414,4.14,1.82,9191,9513,323,Car,1,408.78,30.90,32.38,31.75,41.62,1.29,-1.00,0
415,9.60,2.50,9194,9596,403,Truck,1,406.27,24.13,26.38,25.27,46.75,1.90,15.95,0
416,4.55,1.82,9213,9553,341,Car,2,401.60,27.04,32.24,29.55,42.66,1.57,601.72,0
417,6.97,2.73,9222,9619,398,Car,2,406.36,25.11,26.22,25.60,74.40,2.87,78.74,0
418,4.40,1.82,9244,9595,352,Car,2,408.93,26.86,32.81,29.14,28.71,1.06,-1.00,0
419,6.47,2.32,9260,9611,352,Car,2,408.29,26.83,32.24,29.10,9.89,0.36,24.86,0
420,4.45,1.82,9290,9569,280,Car,1,407.85,33.59,39.11,36.56,71.61,2.07,15.48,0
421,4.45,1.82,9300,9587,288,Car,1,409.77,33.72,39.56,35.70,12.80,0.33,28.36,0
422,4.55,1.82,9306,9660,355,Car,2,409.13,27.85,29.85,28.90,37.54,1.31,15.20,0
423,4.95,1.92,9319,9708,390,Car,2,409.37,25.54,27.01,26.32,90.75,3.39,68.11,0
424,3.94,1.82,9338,9724,387,Car,2,406.93,25.94,26.79,26.36,11.89,0.44,28.15,0
425,4.35,1.92,9350,9691,342,Car,2,409.73,29.00,31.14,30.05,32.42,1.10,13.65,0
426,7.48,2.50,9375,9744,370,Truck,1,396.89,25.71,28.14,26.90,155.50,5.85,55.65,0
427,4.65,1.92,9377,9710,334,Car,2,407.55,28.61,31.94,30.61,15.59,0.53,10.24,0
428,4.55,1.82,9398,9780,383,Car,1,408.55,25.62,28.31,26.75,21.34,0.78,77.30,0
429,4.85,1.92,9415,9745,331,Car,2,406.90,28.24,32.82,30.84,34.91,1.16,16.54,0
430,6.06,2.22,9434,9813,380,Car,1,408.84,25.13,28.46,26.98,27.35,1.05,24.24,0
431,3.84,1.72,9444,9775,332,Car,2,408.37,28.29,32.47,30.85,29.14,1.00,11.08,0
432,5.15,2.12,9448,9702,255,Car,1,406.57,37.48,42.20,40.04,172.72,4.33,25.60,0
433,4.65,1.92,9461,9788,328,Car,2,406.55,28.72,32.30,31.09,9.75,0.33,7.80,0
434,7.38,2.22,9463,9831,369,Car,2,408.07,26.98,28.44,27.73,107.63,3.90,58.35,0
435,4.65,1.92,9475,9736,262,Car,1,409.86,38.33,40.54,39.27,43.06,1.06,53.64,0
436,4.55,1.92,9480,9811,332,Car,2,409.19,27.55,32.10,30.91,20.87,0.66,13.37,0
437,5.26,1.92,9555,9846,292,Car,1,401.44,33.17,35.65,34.50,49.32,1.47,5.94,1
438,4.85,1.92,9798,10093,296,Car,2,408.98,33.76,35.67,34.68,386.87,11.45,62.09,1
439,14.75,2.50,9808,10246,439,Truck,2,407.07,22.14,24.38,23.24,39.64,1.71,-1.00,0
440,4.75,1.82,9817,10094,278,Car,1,408.98,34.78,39.11,36.93,-1.00,-1.00,-1.00,0
441,8.29,2.50,9842,10280,439,Truck,2,407.20,22.03,24.76,23.25,21.51,0.97,242.19,0
442,4.14,1.82,9849,10160,312,Car,2,402.98,31.30,33.70,32.41,65.14,2.08,-1.00,1
443,5.15,2.02,9892,10195,304,Car,2,399.62,31.66,33.99,32.99,44.69,1.33,93.07,0
444,16.78,2.50,9906,10339,434,Truck,2,407.45,22.49,24.40,23.53,39.08,1.63,210.90,0
445,7.68,2.32,9914,10202,289,Car,1,408.32,34.49,36.35,35.46,140.95,3.88,383.33,0
446,5.76,2.22,9953,10401,449,Car,2,408.83,21.87,24.46,22.82,38.32,1.75,-1.00,0
447,4.55,1.92,9956,10230,275,Car,2,409.60,35.51,40.01,37.38,42.80,1.09,8.29,0
448,5.36,2.12,9991,10265,275,Car,2,405.67,35.37,39.23,37.04,40.76,1.15,-1.00,0
449,4.55,1.92,9993,10368,376,Car,2,409.16,25.57,30.31,27.29,10.57,0.40,2.87,1
450,4.65,1.97,10002,10279,278,Car,2,409.18,34.89,40.09,36.96,14.35,0.41,50.16,0
451,4.85,1.92,10017,10297,281,Car,2,409.02,34.34,38.86,36.52,15.14,0.43,28.01,0
452,4.35,1.82,10047,10396,350,Car,2,409.90,27.95,31.75,29.37,23.73,0.78,3.44,1
453,16.57,2.50,10105,10529,425,Truck,1,406.85,22.89,25.08,24.00,255.36,10.18,-1.00,0
454,4.24,1.82,10215,10575,361,Car,2,410.07,27.62,29.59,28.49,188.16,6.74,47.21,1
455,4.45,1.92,10237,10532,296,Car,2,409.66,30.93,37.97,34.74,17.62,0.56,5.14,0
456,5.26,2.02,10260,10552,293,Car,2,409.44,31.26,37.34,35.08,22.39,0.62,376.39,0
457,18.29,2.50,10282,10656,375,Truck,2,368.86,24.04,25.16,24.68,14.82,0.61,-1.00,0
458,5.26,2.02,10288,10584,297,Car,2,411.33,30.17,37.59,34.76,30.44,1.01,-1.00,0
459,13.54,2.53,10293,10707,415,Car,2,408.66,23.93,25.50,24.69,36.87,1.51,154.32,0
460,5.05,1.92,10324,10630,307,Car,2,407.84,29.66,37.95,33.34,37.14,1.25,-1.00,0
461,4.65,1.82,10327,10671,345,Car,1,407.37,29.19,30.42,29.62,161.74,5.53,25.42,0
462,4.24,1.92,10345,10654,310,Car,2,400.16,29.65,37.83,32.40,20.28,0.68,-1.00,0
463,10.81,2.53,10363,10754,392,Car,2,401.51,25.19,26.02,25.68,37.61,1.47,30.36,0
464,4.24,2.02,10392,10711,320,Car,2,408.18,30.10,33.98,32.01,51.46,1.63,147.86,0
465,4.65,1.92,10418,10738,321,Car,2,409.05,29.49,33.39,31.97,27.65,0.90,65.42,0
466,5.15,1.92,10422,10695,274,Car,1,400.57,35.66,37.58,36.70,-1.00,-1.00,-1.00,0
467,4.35,1.82,10437,10722,286,Car,1,409.66,33.17,38.26,35.94,18.51,0.49,11.99,1
468,4.24,1.82,10438,10752,315,Car,1,410.02,31.97,33.39,32.66,20.39,0.62,31.01,0
469,4.85,2.02,10447,10779,333,Car,2,400.42,29.68,31.65,30.17,34.10,1.10,6.04,0
470,4.55,1.92,10452,10762,311,Car,2,408.41,30.06,34.48,32.95,28.63,0.83,23.79,0
471,4.04,1.72,10462,10773,312,Car,2,409.28,28.74,35.40,32.92,8.43,0.29,13.53,0
472,4.85,1.92,10478,10803,326,Car,2,409.07,27.59,34.54,31.48,13.39,0.48,-1.00,0
473,4.24,1.82,10526,10888,363,Car,2,409.19,26.43,30.75,28.27,91.89,3.47,-1.00,0
474,4.24,1.92,10571,10919,349,Car,2,409.11,28.35,30.55,29.40,33.02,1.09,24.51,0
475,17.08,2.50,10606,11007,402,Truck,1,405.41,24.10,26.40,25.28,9.54,0.38,-1.00,0
476,4.75,1.82,10610,10961,352,Car,1,409.91,27.80,30.77,29.21,275.78,9.03,-1.00,1
477,4.04,1.72,10632,10948,317,Car,1,402.65,30.65,33.90,31.86,13.56,0.42,4.17,0
478,3.94,1.82,10655,10985,331,Car,1,409.40,30.16,32.75,31.03,24.43,0.81,1866.30,0
479,17.08,2.50,10702,11107,406,Truck,1,406.23,24.01,26.12,25.08,79.14,3.20,149.38,0
480,5.66,2.12,10739,11028,290,Car,2,405.57,33.36,36.94,35.10,152.81,4.29,30.43,0
481,4.55,1.82,10769,11149,381,Car,2,409.63,25.64,28.54,26.96,39.50,1.54,-1.00,0
482,4.55,2.02,10926,11152,227,Car,2,396.88,41.08,47.27,43.95,28.18,0.61,1.56,1
483,4.35,1.82,10969,11285,317,Car,1,409.20,31.28,34.05,32.38,220.15,6.81,26.53,0
484,4.55,1.92,10987,11275,289,Car,1,407.84,33.86,36.67,35.42,-1.00,-1.00,-1.00,0
485,4.35,1.82,10989,11217,229,Car,2,402.20,42.63,44.66,44.14,105.05,2.36,7.66,1
486,4.14,1.92,11013,11302,290,Car,2,409.47,34.09,37.52,35.44,58.22,1.70,-1.00,0
487,5.15,2.12,11046,11330,285,Car,2,408.56,35.50,37.02,35.99,32.78,0.92,18.37,0
488,4.85,2.12,11071,11306,236,Car,2,400.09,39.26,45.90,42.60,256.79,6.29,-1.00,0
489,4.04,1.82,11112,11456,345,Car,2,407.88,28.13,31.22,29.66,13.88,0.45,-1.00,0
490,5.46,2.12,11143,11376,234,Car,2,408.11,40.13,47.85,43.83,111.68,2.61,-1.00,0
491,4.85,1.92,11146,11431,286,Car,2,399.36,32.32,37.97,35.04,10.36,0.29,1.97,2
492,4.24,2.12,11158,11388,231,Car,2,399.33,40.70,46.12,43.44,17.94,0.44,69.72,0
493,16.88,2.50,11159,11561,403,Truck,1,406.25,24.22,26.35,25.28,28.56,1.13,-1.00,0
494,4.55,2.02,11181,11479,299,Car,1,409.17,32.85,35.83,34.34,270.51,7.64,204.85,1
495,5.36,2.02,11190,11435,246,Car,2,398.51,38.17,42.97,40.70,4.03,0.10,2.14,0
496,4.65,1.82,11200,11472,273,Car,1,402.91,35.53,40.52,37.05,14.66,0.40,5.46,0
497,7.58,2.50,11222,11590,369,Truck,2,395.49,25.54,28.27,26.88,90.34,3.53,-1.00,0
498,4.45,2.02,11232,11525,294,Car,1,402.48,32.62,35.42,34.35,41.11,1.17,-1.00,0
499,4.95,2.02,11244,11493,250,Car,2,408.70,39.00,43.08,41.06,84.67,1.99,34.19,0
500,16.98,2.50,11259,11689,431,Truck,1,405.72,22.50,24.64,23.60,86.35,3.51,-1.00,0
501,4.85,1.92,11276,11561,286,Car,1,408.60,33.83,37.09,35.86,39.02,1.12,17.30,0
502,9.20,2.02,11290,11670,381,Car,1,409.14,26.02,27.36,26.93,13.56,0.50,4.33,1
503,5.56,2.02,11328,11636,309,Car,2,408.87,32.00,34.88,33.22,128.90,3.99,-1.00,0
504,5.05,1.92,11382,11680,299,Car,2,405.30,31.47,36.42,34.02,59.03,1.65,69.35,0
505,19.10,2.50,11410,11860,451,Truck,2,408.83,21.74,24.10,22.72,179.16,8.23,-1.00,0
506,4.55,1.92,11433,11739,307,Car,2,406.54,30.97,36.59,33.24,62.29,2.01,-1.00,0
507,4.75,1.82,11463,11771,309,Car,1,408.52,28.84,37.60,33.17,93.20,3.01,11.00,1
508,3.94,1.82,11496,11829,334,Car,2,409.09,28.84,32.96,30.73,75.75,2.62,-1.00,0
509,3.03,1.92,11533,11855,323,Car,2,410.17,31.29,33.22,31.85,25.79,0.82,14.05,0
510,5.26,2.12,11550,11775,226,Car,1,399.44,41.41,45.84,44.41,185.08,4.15,10.30,0
511,17.18,2.50,11571,12005,435,Truck,2,405.77,21.95,24.50,23.38,123.74,5.29,-1.00,0
512,5.26,2.32,11574,11911,338,Car,2,407.77,27.42,33.00,30.27,47.29,1.72,-1.00,0
513,10.11,2.50,11591,12016,426,Truck,1,393.66,22.21,24.17,23.16,171.28,7.09,-1.00,0
514,12.43,2.50,11669,12107,439,Truck,1,405.93,21.93,24.28,23.18,56.02,2.49,98.05,0
515,3.74,1.82,11705,12115,411,Car,2,409.35,24.30,25.77,24.97,107.25,4.23,81.69,0
516,4.95,2.02,11728,12010,283,Car,2,408.03,35.06,37.54,36.19,140.91,3.85,34.37,0
517,6.27,2.43,11731,12040,310,Car,1,409.13,31.03,34.57,33.12,318.87,9.23,-1.00,0
518,4.24,1.92,11744,12090,347,Car,1,408.23,29.35,29.77,29.51,35.05,1.19,5.56,1
519,4.75,2.02,11759,12160,402,Car,2,408.20,24.78,25.96,25.45,39.49,1.55,39.22,0
520,4.35,1.92,11892,12155,264,Car,1,407.27,34.45,42.10,38.73,87.95,2.41,6.04,1
521,4.24,1.82,11967,12295,329,Car,1,408.71,29.93,33.47,31.16,121.73,3.63,24.99,0
522,4.75,2.02,11975,12301,327,Car,2,408.29,30.04,32.94,31.32,166.62,5.38,26.96,0
523,4.85,2.12,11976,12234,259,Car,1,407.39,37.52,41.12,39.50,116.46,3.01,21.13,0
524,4.14,1.82,12017,12343,327,Car,1,409.15,29.44,33.80,31.38,52.71,1.72,29.12,1
525,19.61,2.50,12049,12469,421,Truck,1,403.77,21.94,25.33,24.05,29.29,1.16,-1.00,0
526,5.05,1.92,12113,12417,305,Car,1,408.98,32.33,35.05,33.65,39.98,1.14,3.90,1
527,4.75,2.02,12204,12493,290,Car,1,410.20,33.68,37.01,35.50,97.63,2.83,35.12,0
528,5.46,1.92,12207,12525,319,Car,1,400.93,29.76,33.00,31.53,67.26,2.22,8.07,0
529,11.32,2.50,12309,12763,455,Truck,1,405.30,21.41,23.32,22.32,23.68,1.10,-1.00,0
530,16.37,2.50,12392,12802,411,Truck,1,406.29,22.53,26.59,24.78,18.26,0.79,11.02,0
531,4.65,1.92,12395,12712,318,Car,1,402.85,30.54,32.89,31.78,271.35,8.30,-1.00,1
532,4.95,1.92,12415,12738,324,Car,1,408.78,31.07,32.21,31.66,20.56,0.65,40.46,0
533,5.05,2.02,12434,12683,250,Car,2,406.60,38.99,43.02,40.85,-1.00,-1.00,-1.00,0
534,13.95,2.50,12440,12895,456,Truck,1,404.81,21.31,23.38,22.25,36.78,1.57,-1.00,0
535,4.65,2.02,12473,12771,299,Car,1,409.85,32.92,36.08,34.41,39.70,1.18,15.24,0
536,17.03,2.50,12474,12898,425,Truck,1,385.13,22.18,23.20,22.72,5.90,0.26,5.24,1
537,4.85,1.92,12496,12756,261,Car,2,410.45,37.88,41.32,39.50,95.20,2.51,-1.00,0
538,4.65,1.92,12497,12790,294,Car,1,408.26,33.44,35.65,34.85,21.27,0.62,12.68,0
539,10.51,2.50,12522,12965,444,Truck,1,406.51,22.09,23.94,22.95,28.99,1.29,32.25,0
540,4.55,2.02,12542,12876,335,Car,1,408.60,29.84,31.38,30.60,58.33,1.93,-1.00,0
541,10.51,2.83,12573,12995,423,Car,2,409.42,22.96,25.59,24.26,40.89,1.66,-1.00,0
542,5.96,2.02,12615,12906,292,Car,2,399.50,33.60,35.27,34.34,-1.00,-1.00,-1.00,1
543,4.65,1.92,12669,12959,291,Car,2,401.05,33.30,35.33,34.60,69.13,2.01,387.82,0
544,4.75,2.02,12701,12994,294,Car,2,409.86,32.56,38.60,35.00,37.62,1.06,19.65,0
545,4.75,2.02,12738,13031,294,Car,2,406.43,32.89,36.93,34.70,41.12,1.20,200.13,0
546,7.78,2.83,12742,13161,420,Car,2,408.23,23.13,25.82,24.37,150.57,6.47,-1.00,0
547,8.19,2.43,12765,13185,421,Car,2,407.76,23.07,25.46,24.28,12.83,0.55,139.17,0
548,7.78,2.50,12803,13241,439,Truck,1,406.51,22.20,24.29,23.21,244.15,10.33,125.29,0
549,5.15,2.02,12805,13101,297,Car,2,409.33,33.43,35.21,34.59,86.67,2.52,2165.92,0
550,5.05,2.12,12835,13119,285,Car,2,400.81,34.06,35.82,35.30,27.55,0.78,23.71,0
551,17.08,2.50,12857,13265,409,Truck,1,404.03,23.80,25.78,24.77,325.41,12.64,100.47,0
552,6.47,2.53,12859,13304,446,Car,2,409.05,22.03,24.16,22.99,81.26,3.68,-1.00,0
553,3.84,1.92,12863,13162,300,Car,2,410.37,31.07,37.30,34.34,34.92,1.12,26.92,0
554,5.26,2.12,12873,13289,417,Car,1,409.69,23.64,25.42,24.63,15.24,0.60,60.55,0
555,21.12,2.50,12877,13261,385,Truck,1,369.83,22.86,25.42,24.05,20.59,0.89,22.29,0
556,5.15,2.12,12894,13198,305,Car,2,407.02,30.10,37.34,33.49,32.11,1.06,-1.00,0
557,5.56,2.12,12897,13314,418,Car,1,409.11,23.23,25.36,24.54,17.14,0.70,25.39,0
558,12.13,2.50,12902,13350,449,Truck,2,407.28,21.77,23.67,22.74,24.34,1.11,-1.00,0
559,4.75,1.92,12918,13333,416,Car,1,408.59,23.05,26.08,24.61,13.57,0.56,12.24,0
560,4.65,1.82,12921,13238,318,Car,2,400.92,28.69,36.22,31.64,28.06,0.97,-1.00,0
561,4.85,1.92,12934,13386,453,Car,2,409.46,21.95,23.92,22.66,24.06,1.06,55.86,0
562,4.35,1.82,12943,13267,325,Car,2,401.54,26.86,34.44,31.00,21.76,0.81,-1.00,0
563,5.15,1.92,12951,13356,406,Car,1,409.60,23.06,29.92,25.28,13.82,0.56,5.68,0
564,5.26,2.22,12954,13391,438,Car,2,398.98,21.28,23.82,22.83,5.46,0.24,7.98,0
565,5.15,2.02,12978,13289,312,Car,2,400.86,30.63,36.37,32.24,22.59,0.73,6.35,0
566,4.35,1.92,13009,13323,315,Car,2,408.96,31.84,35.53,32.58,29.93,0.93,23.21,0
567,4.85,1.92,13031,13347,317,Car,2,408.34,29.73,35.08,32.33,25.63,0.82,8.25,1
568,3.84,1.82,13063,13371,309,Car,2,406.10,32.25,34.38,32.98,23.39,0.71,7.24,0
569,18.90,2.50,13065,13508,444,Truck,1,404.66,21.88,23.83,22.84,178.84,7.54,623.36,0
570,19.40,2.50,13073,13475,403,Truck,1,405.40,24.11,26.40,25.22,98.29,3.99,41.56,0
571,4.95,2.12,13097,13499,403,Car,1,407.96,23.41,27.43,25.41,15.06,0.61,19.81,0
572,4.65,1.92,13162,13477,316,Car,2,408.51,32.01,32.92,32.44,99.37,3.08,11.80,0
573,4.04,1.82,13170,13434,265,Car,2,402.35,35.17,39.22,38.13,95.15,2.53,18.52,0
574,6.06,2.12,13171,13524,354,Car,1,397.68,24.20,32.41,28.17,9.40,0.38,6.57,1
575,3.94,1.82,13179,13516,338,Car,1,408.41,25.43,34.57,30.31,14.03,0.54,5.51,0
576,3.74,1.82,13228,13557,330,Car,2,408.90,30.11,31.79,31.08,82.41,2.73,-1.00,0
577,4.85,2.02,13229,13566,338,Car,1,409.37,25.29,33.44,30.38,30.00,1.13,10.60,0
578,11.42,2.50,13318,13720,403,Truck,1,403.55,24.11,26.18,25.10,29.66,1.19,60.86,0
579,5.76,2.12,13320,13625,306,Car,2,404.56,31.59,34.90,33.18,89.00,2.61,31.62,0
580,4.75,1.92,13337,13651,315,Car,1,408.39,31.24,34.10,32.53,106.25,3.28,15.61,1
581,4.95,2.02,13344,13691,348,Car,2,408.48,27.93,31.23,29.45,28.88,1.03,-1.00,0
582,17.08,2.50,13367,13769,403,Truck,1,405.40,24.13,26.36,25.22,29.76,1.22,62.78,0
583,4.75,1.92,13368,13673,306,Car,1,408.14,31.44,37.91,33.46,24.08,0.73,8.71,0
584,4.85,1.92,13397,13704,308,Car,1,408.42,32.18,34.42,33.27,34.00,1.05,25.78,0
585,4.55,1.92,13425,13764,340,Car,2,409.00,29.16,31.53,30.17,85.50,2.78,136.93,0
586,4.65,1.92,13468,13749,282,Car,1,408.68,34.10,38.94,36.38,56.91,1.64,17.60,0
587,5.36,2.02,13474,13775,302,Car,2,398.58,31.80,34.53,33.11,-1.00,-1.00,-1.00,0
588,4.65,1.92,13502,13778,277,Car,1,408.57,34.18,40.14,37.02,35.97,1.04,26.64,0
589,4.55,2.02,13505,13851,347,Car,1,407.93,28.09,31.09,29.49,87.20,3.05,19.50,0
590,4.45,1.92,13524,13875,352,Car,2,407.44,26.43,30.41,29.03,111.33,4.21,-1.00,0
591,4.14,1.92,13530,13837,308,Car,2,408.01,32.01,35.55,33.24,69.57,2.17,-1.00,0
592,5.05,2.02,13556,13861,306,Car,2,408.08,32.16,34.48,33.48,26.30,0.76,68.14,0
593,4.95,1.92,13582,13887,306,Car,2,405.00,31.99,33.76,33.23,25.08,0.78,-1.00,0
594,4.55,1.82,13630,13969,340,Car,1,407.99,27.34,32.67,30.10,128.40,4.32,46.88,0
595,8.08,2.50,13687,14121,435,Truck,2,405.06,22.53,23.94,23.34,172.19,7.64,-1.00,0
596,4.14,1.92,13714,14049,336,Car,1,408.92,28.49,32.18,30.53,88.25,2.99,40.17,0
597,4.85,1.92,13715,13981,267,Car,1,408.73,36.44,40.29,38.43,302.24,7.57,52.51,0
598,4.55,1.92,13719,13982,264,Car,2,408.80,37.15,40.85,38.89,147.73,3.75,26.33,0
599,9.80,2.50,13723,14151,429,Truck,2,406.15,22.23,24.71,23.73,19.91,0.80,20.60,0
600,7.07,2.43,13759,14187,429,Car,2,406.94,22.77,25.45,23.78,23.57,1.01,25.99,0
601,7.68,2.50,13773,14124,352,Truck,2,405.73,27.78,30.30,28.91,70.72,2.54,-1.00,0
602,4.75,1.92,13799,14152,354,Car,2,408.41,27.50,30.77,28.93,25.86,0.92,93.62,0
603,19.30,2.50,13817,14238,422,Truck,1,406.04,22.97,25.18,24.12,109.68,4.36,-1.00,0
604,4.55,1.92,13838,14179,342,Car,1,408.14,28.73,31.14,29.94,190.66,6.14,-1.00,0
605,13.34,2.50,13901,14336,436,Truck,2,407.35,22.16,24.47,23.42,8.83,0.38,-1.00,0
606,7.58,2.50,13907,14273,367,Truck,2,406.19,26.80,28.35,27.76,89.43,3.16,29.21,1
607,4.95,2.22,13929,14249,321,Car,2,401.03,27.56,36.17,31.35,16.99,0.57,9.52,0
608,17.18,2.50,13947,14385,439,Truck,2,406.30,21.70,24.20,23.20,23.78,1.09,-1.00,0
609,4.45,1.92,13952,14285,334,Car,2,402.43,26.72,35.62,30.26,20.64,0.76,-1.00,0
610,17.28,2.50,13963,14360,398,Truck,1,405.23,24.37,26.71,25.53,104.07,4.16,50.73,0
611,4.95,2.02,13991,14330,340,Car,2,400.35,26.43,33.74,29.54,35.87,1.35,-1.00,0
612,4.75,1.82,14007,14223,217,Car,1,408.90,44.54,48.84,47.38,75.75,1.64,4.33,0
613,4.95,2.02,14030,14393,364,Car,2,409.72,26.80,29.97,28.23,36.23,1.31,133.61,0
614,17.08,2.50,14041,14439,399,Truck,2,384.14,23.03,25.43,24.14,58.22,2.33,71.39,0
615,5.15,2.02,14062,14425,364,Car,2,408.15,26.43,30.80,28.12,27.89,1.05,49.93,0
616,4.95,1.92,14079,14365,287,Car,1,408.55,34.22,37.21,35.73,28.62,0.82,2.81,1
617,4.85,2.02,14082,14447,366,Car,2,408.13,27.02,29.84,27.97,15.47,0.56,22.99,0
618,4.55,1.92,14108,14478,371,Car,2,407.48,26.97,28.99,27.55,22.07,0.80,53.78,0
619,4.75,1.82,14115,14426,312,Car,1,408.10,28.72,36.29,32.81,50.84,1.43,11.80,1
620,4.35,1.92,14125,14495,371,Car,2,406.27,26.30,27.98,27.45,11.73,0.44,51.07,0
621,4.45,1.82,14132,14408,277,Car,1,408.65,36.12,37.51,37.04,20.20,0.55,19.17,0
622,5.15,1.92,14149,14516,368,Car,2,409.45,27.67,28.19,27.90,17.63,0.63,16.73,1
623,17.08,2.50,14150,14569,420,Truck,2,407.04,23.14,25.15,24.29,22.64,0.92,-1.00,0
624,16.88,2.50,14154,14549,396,Truck,1,392.23,23.84,25.83,24.81,30.04,1.17,-1.00,0
625,4.75,2.02,14156,14432,277,Car,1,407.69,36.04,37.40,36.95,29.17,0.78,142.69,0
626,4.85,1.92,14175,14454,280,Car,1,408.43,35.40,37.13,36.62,22.98,0.65,-1.00,0
627,4.85,2.02,14187,14536,350,Car,2,407.69,28.76,29.54,29.22,24.89,0.85,18.29,0
628,4.55,1.82,14197,14491,295,Car,1,408.15,34.44,35.11,34.72,25.82,0.74,-1.00,0
629,4.65,2.02,14216,14559,344,Car,2,409.82,29.73,30.05,29.88,21.51,0.72,23.37,0
630,4.04,1.82,14238,14523,286,Car,1,409.50,33.31,37.88,35.94,37.45,1.07,17.80,0
631,4.65,1.92,14293,14576,284,Car,1,409.00,33.66,38.25,36.18,68.03,1.94,39.47,0
632,4.65,1.82,14334,14612,279,Car,1,408.19,35.45,38.16,36.72,46.64,1.30,22.44,0
633,4.45,1.72,14356,14632,277,Car,1,402.76,34.58,38.39,36.50,115.99,3.27,10.00,0
634,6.77,2.32,14424,14719,296,Car,1,408.27,33.13,36.13,34.62,96.31,2.66,-1.00,0
635,4.04,1.92,14448,14711,264,Car,1,408.35,38.18,39.82,38.85,147.77,3.82,46.18,0
636,17.18,2.50,14478,14901,424,Truck,1,405.72,22.38,25.58,23.99,58.32,2.28,-1.00,0
637,5.05,2.02,14487,14766,280,Car,2,404.83,33.99,37.67,36.29,301.74,8.55,57.74,0
638,4.85,1.92,14501,14779,279,Car,2,407.63,34.76,37.52,36.68,12.72,0.34,15.96,0
639,4.24,1.92,14527,14797,271,Car,2,407.04,36.60,38.39,37.72,21.69,0.58,17.24,0
640,16.88,2.50,14536,14941,406,Truck,2,406.98,23.91,26.43,25.13,19.38,0.77,-1.00,0
641,5.26,2.02,14553,14822,270,Car,2,406.65,35.01,39.40,37.82,33.40,0.90,17.78,0
642,4.55,1.82,14566,14834,269,Car,2,409.44,34.44,40.33,38.21,15.20,0.44,96.66,1
643,4.85,1.92,14597,14861,265,Car,1,405.77,36.78,40.16,38.45,221.44,5.63,155.60,0
644,4.85,1.92,14609,14880,272,Car,2,407.32,35.52,39.87,37.61,53.93,1.52,-1.00,0
645,4.35,1.92,14613,14878,266,Car,1,408.75,37.86,39.66,38.58,21.75,0.56,12.45,0
646,16.88,2.50,14614,15026,413,Truck,1,407.27,23.60,25.73,24.72,101.08,4.17,55.31,0
647,4.65,1.92,14633,14937,305,Car,1,407.74,32.87,34.23,33.55,26.18,0.76,-1.00,0
648,4.85,1.92,14690,14971,282,Car,2,400.93,32.50,39.57,35.70,111.63,3.43,-1.00,0
649,4.65,1.92,14715,15015,301,Car,2,408.01,31.84,38.28,34.02,27.80,0.87,-1.00,0
650,11.82,2.50,14738,15146,409,Truck,2,406.69,23.60,26.12,24.93,186.42,7.87,-1.00,0
651,4.45,1.92,14742,15047,306,Car,2,407.63,31.93,35.66,33.44,29.89,0.92,582.07,0
652,4.65,2.02,14762,15068,307,Car,2,408.59,32.62,33.88,33.40,17.20,0.51,26.45,0
653,5.05,2.02,14811,15073,263,Car,1,406.57,36.31,40.31,38.82,200.73,5.11,30.91,0
654,4.55,1.92,14817,15126,310,Car,2,409.03,31.21,35.39,33.11,67.85,2.17,73.30,0
655,9.20,2.50,14826,15254,429,Truck,2,405.03,22.65,24.93,23.67,74.07,3.27,-1.00,0
656,6.67,2.53,14843,15142,300,Truck,2,406.54,32.46,34.85,34.01,14.54,0.42,10.84,0
657,4.65,2.02,14848,15158,311,Car,1,407.66,31.56,33.90,32.89,166.31,5.08,18.19,0
658,4.65,1.92,14896,15193,298,Car,2,405.10,32.91,35.36,34.13,63.42,1.92,114.95,0
659,5.05,2.02,14943,15226,284,Car,2,406.13,33.53,38.12,35.90,44.67,1.19,20.22,0
660,4.45,1.92,15027,15426,400,Car,2,409.32,25.37,25.97,25.66,170.84,6.68,98.59,0
661,4.65,1.82,15132,15464,333,Car,2,405.15,29.93,30.91,30.52,42.15,1.40,10.14,0
662,5.15,2.22,15142,15465,324,Car,1,408.28,30.42,32.79,31.61,381.72,11.64,311.76,0
663,4.24,1.92,15182,15496,315,Car,2,408.06,31.22,33.81,32.50,38.47,1.14,10.09,0
664,4.24,1.92,15225,15528,304,Car,2,406.98,32.26,35.17,33.60,40.09,1.15,37.15,0
665,4.55,1.92,15226,15502,277,Car,2,408.31,35.14,39.49,37.01,403.20,11.47,-1.00,0
666,3.44,1.72,15256,15572,317,Car,2,405.94,30.86,33.80,32.13,35.92,1.16,-1.00,0
667,4.95,2.02,15377,15691,315,Car,2,408.80,31.02,34.36,32.56,147.68,4.67,-1.00,0
668,4.95,1.92,15399,15644,246,Car,2,411.14,41.58,42.45,41.99,229.80,5.43,59.92,0
669,4.85,1.92,15456,15711,256,Car,2,408.77,38.17,41.85,40.10,90.11,2.36,-1.00,0
670,5.15,2.22,15474,15790,317,Car,1,408.59,32.18,32.62,32.34,-1.00,-1.00,-1.00,0
671,5.05,2.12,15521,15821,301,Car,2,407.92,32.45,35.56,34.01,177.21,5.22,754.89,0
672,5.15,2.02,15550,15756,207,Car,1,402.01,47.03,50.82,48.81,-1.00,-1.00,-1.00,0
673,4.65,1.92,15574,15818,245,Car,1,409.00,39.73,44.26,41.92,64.87,1.57,7.08,1
674,3.84,1.82,15752,16061,310,Car,2,409.52,31.65,35.14,33.15,310.21,9.73,-1.00,1
675,4.24,1.82,15775,16067,293,Car,2,410.59,33.70,35.89,35.17,-1.00,-1.00,-1.00,0
676,10.00,2.50,15789,16215,427,Truck,2,406.86,22.94,24.85,23.89,35.22,1.53,-1.00,0
677,4.55,1.92,15803,16085,283,Car,2,410.26,34.32,37.62,36.39,19.98,0.55,11.04,0
678,4.75,1.92,15817,16053,237,Car,1,408.75,41.52,44.52,43.33,403.24,9.71,222.21,0
679,3.94,1.72,15842,16181,340,Car,1,408.51,28.83,31.73,30.14,-1.00,-1.00,-1.00,0
680,4.65,1.92,15846,16113,268,Car,1,409.84,36.64,39.62,38.39,44.23,1.20,-1.00,0
681,6.67,2.32,15853,16258,406,Car,2,408.76,24.03,26.53,25.24,37.62,1.43,28.29,0
682,6.37,2.32,15865,16222,358,Truck,2,407.81,26.53,30.80,28.57,80.66,3.04,-1.00,0
683,4.55,1.92,15912,16241,330,Car,1,409.34,30.00,31.95,31.11,68.17,2.24,37.86,1
684,7.48,2.73,15915,16271,357,Car,2,407.60,27.35,29.97,28.64,45.87,1.63,167.85,0
685,5.15,2.02,15929,16262,334,Car,1,408.88,29.15,32.41,30.71,16.11,0.50,28.76,1
686,19.30,2.50,15938,16371,434,Truck,1,407.00,22.60,24.71,23.51,15.30,0.63,-1.00,0
687,4.65,1.92,15948,16303,356,Car,2,406.02,26.77,29.66,28.59,29.85,1.09,1070.35,0
688,11.02,2.50,15950,16364,415,Truck,2,407.08,23.50,25.22,24.59,18.52,0.73,-1.00,0
689,4.14,1.82,15984,16327,344,Car,2,402.85,28.04,30.22,29.38,30.76,1.02,47.89,1
690,5.41,2.12,16015,16424,410,Car,2,405.83,24.02,25.46,24.82,53.86,2.12,126.68,0
691,4.65,2.02,16019,16352,334,Car,2,410.29,29.39,32.78,30.82,21.44,0.66,10.96,0
692,5.05,2.02,16039,16339,301,Car,1,408.88,33.58,34.52,34.09,60.32,1.75,5.65,1
693,4.65,2.02,16043,16381,339,Car,2,408.01,29.04,31.60,30.19,22.09,0.76,-1.00,0
694,4.85,2.02,16099,16427,329,Car,2,410.61,30.60,32.50,31.33,52.09,1.63,20.33,0
695,5.96,2.63,16104,16507,404,Car,2,408.49,24.65,25.80,25.35,77.98,3.07,95.80,0
696,4.65,2.02,16112,16405,294,Car,1,408.10,34.51,35.28,34.84,70.91,2.05,5.93,1
697,4.95,1.92,16115,16447,333,Car,2,408.18,29.98,31.91,30.75,13.98,0.45,45.90,0
698,4.45,1.92,16129,16535,407,Car,2,409.47,24.71,25.75,25.23,19.43,0.76,50.49,0
699,4.75,2.02,16148,16471,324,Car,2,409.62,29.50,34.03,31.72,20.40,0.67,10.33,0
700,4.40,1.92,16168,16485,318,Car,1,409.59,31.29,33.90,32.32,75.12,2.22,15.02,1
701,4.85,2.02,16207,16485,279,Car,1,408.85,35.57,37.39,36.78,110.80,3.00,44.60,0
702,16.88,2.50,16212,16642,431,Truck,1,406.97,22.57,24.87,23.67,40.98,1.64,-1.00,0
703,4.55,2.02,16239,16526,288,Car,2,406.05,35.10,35.76,35.39,74.79,2.09,12.33,0
704,4.75,1.92,16265,16568,304,Car,1,409.28,33.29,34.41,33.79,80.21,2.33,-1.00,0
705,7.48,2.50,16284,16719,436,Truck,1,407.07,22.40,24.40,23.40,62.80,2.63,324.49,0
706,3.64,1.82,16325,16582,258,Car,2,408.84,38.16,42.15,39.81,89.87,2.17,16.11,0
707,4.55,2.02,16344,16611,268,Car,2,405.33,37.21,39.44,37.98,20.29,0.54,-1.00,0
708,4.65,1.92,16388,16691,304,Car,1,409.45,33.36,34.34,33.80,160.81,4.75,218.43,0
709,17.08,2.50,16400,16836,437,Truck,1,405.82,22.62,23.67,23.28,89.95,3.88,118.62,0
710,17.18,2.50,16405,16821,417,Truck,2,407.74,23.47,25.58,24.52,12.85,0.53,-1.00,0
711,5.26,2.12,16420,16722,303,Car,1,410.25,33.56,34.30,33.98,35.29,1.04,39.29,0
712,4.35,1.92,16421,16724,304,Car,2,409.97,33.68,33.93,33.85,114.74,3.40,-1.00,1
713,3.84,1.82,16444,16711,268,Car,2,408.15,34.52,43.22,38.24,21.72,0.60,10.45,0
714,7.28,2.32,16452,16764,313,Car,1,409.57,32.55,33.09,32.84,35.26,1.08,-1.00,0
715,9.40,2.50,16457,16890,434,Truck,1,394.85,22.28,23.08,22.80,44.33,1.98,297.79,0
716,5.05,2.02,16496,16798,303,Car,1,409.19,32.98,34.63,33.90,40.41,1.21,26.73,0
717,8.29,2.50,16505,16921,417,Truck,2,405.46,22.94,25.81,24.38,85.50,3.72,-1.00,0
718,17.08,2.50,16526,16980,455,Truck,1,406.18,21.89,22.94,22.38,45.24,1.97,534.88,0
719,4.45,1.92,16528,16830,303,Car,1,409.25,33.34,34.34,33.89,38.48,1.14,37.19,0
720,4.04,1.82,16544,16862,319,Car,1,409.52,31.41,34.60,32.20,17.80,0.51,67.46,0
721,12.33,2.50,16584,17055,472,Truck,1,407.71,21.01,22.33,21.65,41.24,1.96,125.09,0
722,4.35,2.02,16633,16862,230,Car,2,403.85,42.22,45.94,44.12,265.04,6.09,169.25,0
723,4.75,1.92,16637,16909,273,Car,2,401.00,35.82,37.86,36.88,21.22,0.56,2.84,1
724,4.75,2.02,16639,16900,262,Car,1,409.06,35.90,42.02,39.21,50.07,1.37,8.90,0
725,4.65,2.02,16649,16885,237,Car,2,408.54,42.95,43.50,43.31,28.15,0.65,64.02,0
726,13.85,2.50,16680,17169,490,Truck,1,407.14,20.36,21.45,20.82,66.60,3.11,352.81,0
727,4.45,1.92,16694,17026,333,Car,1,403.08,29.09,32.66,30.40,86.69,2.65,-1.00,0
728,5.36,2.02,16782,17094,313,Car,2,406.85,32.06,33.17,32.61,210.14,6.48,32.02,1
729,14.35,2.50,16817,17247,431,Truck,2,407.58,22.65,24.88,23.71,31.12,1.37,-1.00,0
730,4.75,1.92,16852,17282,431,Car,2,409.68,22.15,25.28,23.83,28.66,1.20,151.42,0
731,17.08,2.50,16855,17333,479,Truck,1,406.51,20.62,22.60,21.27,117.99,5.64,77.50,0
732,17.18,2.50,16917,17384,468,Truck,1,386.23,19.66,22.96,20.68,36.72,1.68,51.49,0
733,4.24,1.92,17020,17336,317,Car,1,399.47,30.90,32.25,31.58,40.64,1.27,3.59,1
734,3.94,1.82,17022,17311,290,Car,2,401.39,31.80,38.00,34.75,23.77,0.63,3.87,1
735,5.05,2.02,17034,17297,264,Car,2,410.20,34.21,41.91,39.02,-1.00,-1.00,-1.00,0
736,19.40,2.50,17074,17472,399,Truck,2,404.75,24.28,26.64,25.44,24.30,0.93,-1.00,0
737,4.24,1.92,17091,17419,329,Car,2,402.00,28.24,32.40,30.65,74.97,2.65,-1.00,1
738,4.85,2.02,17108,17525,418,Car,1,409.43,23.66,25.57,24.56,108.31,4.48,25.38,0
739,4.85,2.02,17120,17441,322,Car,2,408.56,28.05,36.44,31.84,24.09,0.69,10.98,0
740,14.25,2.50,17126,17559,434,Truck,2,407.12,22.39,24.65,23.52,37.45,1.67,-1.00,0
741,4.04,1.92,17156,17489,334,Car,2,407.60,27.99,34.07,30.61,34.95,1.24,-1.00,0
742,4.65,2.02,17185,17523,339,Car,2,410.07,27.81,33.32,30.34,29.92,1.07,-1.00,0
743,17.08,2.50,17187,17602,416,Truck,1,407.28,23.22,26.19,24.54,54.47,2.23,55.79,0
744,4.65,1.92,17223,17571,349,Car,2,409.60,28.44,31.78,29.44,38.07,1.32,147.16,0
745,6.97,2.32,17233,17489,257,Car,1,397.53,37.49,40.10,38.84,237.00,6.05,28.54,0
746,4.95,2.02,17311,17611,301,Car,1,401.00,32.07,34.76,33.43,4.57,0.14,3.78,1
747,7.38,2.73,17320,17733,414,Car,2,408.22,23.34,25.88,24.72,169.12,6.75,433.92,0
748,4.55,1.92,17325,17606,282,Car,1,409.44,34.18,38.46,36.45,143.65,3.73,-1.00,0
749,4.24,1.82,17341,17633,293,Car,1,408.97,30.50,38.25,35.04,12.42,0.38,31.64,0
750,4.85,1.82,17514,17787,274,Car,1,410.03,36.42,40.13,37.56,262.85,6.62,18.21,0
751,16.98,2.50,17519,17928,410,Truck,2,407.48,23.90,25.99,24.92,173.25,7.23,-1.00,0
752,6.67,2.32,17526,17806,281,Car,1,408.75,33.65,41.49,36.51,6.47,0.18,28.11,1
753,4.45,1.82,17575,17828,254,Car,1,410.31,38.99,42.10,40.56,65.12,1.58,13.02,0
754,4.14,1.82,17596,17908,313,Car,2,408.73,29.30,36.37,32.77,-1.00,-1.00,-1.00,0
755,16.47,2.50,17610,18018,409,Truck,2,407.56,23.91,26.10,24.99,70.83,2.96,-1.00,0
756,8.89,2.50,17635,18035,401,Truck,1,395.26,23.35,25.45,24.71,173.44,6.81,-1.00,0
757,13.74,2.50,17654,18068,415,Truck,2,407.77,23.78,25.45,24.63,30.49,1.24,-1.00,1
758,14.25,2.50,17669,18133,465,Truck,2,407.78,20.82,23.00,21.98,11.62,0.54,-1.00,0
759,2.63,1.82,17679,18046,368,Car,2,410.46,24.89,31.76,27.98,19.33,0.75,14.98,0
760,8.29,2.50,17711,18110,400,Truck,1,395.45,23.84,26.02,24.79,62.81,2.58,105.45,0
761,4.75,2.02,17717,18077,361,Car,2,408.96,24.63,31.42,28.42,33.03,1.13,112.89,0
762,4.45,2.02,17736,18118,383,Car,2,410.52,22.98,32.25,26.89,8.65,0.32,6.63,1
763,4.55,1.82,17737,18011,275,Car,1,402.89,34.74,38.29,36.78,261.68,6.83,-1.00,0
764,5.05,2.12,17740,18095,356,Car,2,401.71,24.39,32.17,28.30,17.73,0.72,56.89,0
765,4.70,1.92,17768,18150,383,Car,2,409.09,23.66,30.68,26.78,20.20,0.76,-1.00,0
766,4.55,1.82,17768,18187,420,Car,2,408.83,23.31,25.59,24.40,24.59,1.05,21.96,0
767,4.55,1.92,17782,18082,301,Car,1,409.49,32.51,35.31,34.13,64.26,1.82,-1.00,0
768,6.27,2.12,17808,18223,416,Car,2,408.40,24.03,26.02,24.61,27.58,1.12,43.45,0
769,4.65,2.02,17816,18199,384,Car,2,410.01,24.28,30.02,26.78,19.77,0.81,66.02,0
770,4.35,2.02,17830,18216,387,Car,2,408.47,24.44,28.81,26.46,8.27,0.33,15.03,0
771,8.19,2.50,17833,18226,394,Truck,1,395.31,24.33,25.90,25.15,106.38,4.25,70.66,0
772,6.77,2.63,17842,18161,320,Car,2,350.93,25.04,31.27,27.51,14.05,0.51,24.73,0
773,4.24,2.02,17847,18264,418,Car,2,408.58,23.59,26.31,24.50,34.07,1.44,376.98,0
774,3.84,1.92,17859,18135,277,Car,1,384.89,32.27,36.84,34.85,66.17,1.98,35.53,0
775,5.46,2.12,17870,18249,380,Car,2,407.92,25.46,29.02,26.92,29.02,1.12,23.58,0
776,4.35,1.92,17874,18294,421,Car,2,402.51,23.58,24.36,23.97,19.88,0.83,32.32,0
777,4.85,2.02,17898,18272,375,Car,2,400.67,25.84,28.81,26.80,18.52,0.70,14.81,0
778,4.35,1.92,17923,18341,419,Car,2,409.08,23.91,25.18,24.48,36.28,1.45,47.95,0
779,4.04,2.02,17946,18359,414,Car,2,408.79,23.99,25.51,24.75,8.91,0.36,8.69,0
780,4.75,2.02,17970,18326,357,Car,2,399.07,27.60,28.86,28.04,55.18,1.99,28.27,0
781,4.45,2.02,17993,18352,360,Car,2,409.48,27.38,31.00,28.52,13.61,0.49,8.64,0
782,4.85,2.02,18014,18401,388,Car,2,407.94,25.26,27.45,26.36,37.66,1.47,22.42,0
783,5.05,2.02,18029,18377,349,Car,2,400.21,27.02,31.10,28.77,28.80,1.02,16.60,0
784,4.24,1.92,18039,18353,315,Car,1,408.86,28.99,35.44,32.57,139.26,4.41,18.36,1
785,18.09,2.50,18076,18466,391,Truck,1,381.97,23.56,26.10,24.49,37.58,1.53,168.52,0
786,3.64,1.82,18079,18383,305,Car,1,402.35,32.11,33.80,33.10,41.24,1.27,11.68,1
787,4.65,2.02,18103,18406,304,Car,1,408.15,33.07,34.61,33.69,22.91,0.68,26.20,0
788,4.14,1.92,18128,18452,325,Car,2,408.25,30.95,32.42,31.52,84.16,2.67,22.27,0
789,16.88,2.50,18143,18558,416,Truck,1,407.44,23.43,25.22,24.56,70.20,2.93,92.41,0
790,4.85,2.02,18146,18439,294,Car,1,409.83,33.63,36.90,34.98,38.05,1.13,16.79,0
791,4.55,2.02,18175,18460,286,Car,1,409.24,33.26,38.59,35.91,23.74,0.69,15.53,0
792,4.85,2.12,18197,18480,284,Car,1,410.09,33.74,38.75,36.25,22.67,0.66,17.93,0
793,16.98,2.50,18211,18633,423,Truck,1,406.73,22.92,25.05,24.10,50.17,2.01,-1.00,0
794,4.45,2.02,18212,18525,314,Car,2,408.43,31.26,34.22,32.64,100.79,3.16,21.10,1
795,16.98,2.50,18232,18654,423,Truck,2,406.92,23.16,25.36,24.12,26.30,1.12,-1.00,0
796,4.55,1.92,18243,18568,326,Car,1,410.09,30.78,32.18,31.56,66.28,2.09,-1.00,0
797,4.45,1.92,18299,18609,311,Car,2,400.64,30.90,33.93,32.33,210.35,6.50,665.32,0
798,7.48,2.83,18331,18704,374,Car,1,409.23,25.99,28.88,27.44,66.69,2.52,18.91,0
799,3.84,1.82,18343,18656,314,Car,2,408.65,30.36,34.08,32.66,51.92,1.57,97.44,0
800,4.65,1.92,18351,18759,409,Car,2,401.10,23.30,25.74,24.59,107.64,4.34,785.48,0
801,4.85,2.02,18367,18602,236,Car,1,402.12,37.11,47.86,42.79,54.13,1.40,6.78,0
802,4.55,1.92,18367,18679,313,Car,2,407.85,29.84,34.77,32.70,23.84,0.79,47.89,0
803,4.85,2.02,18391,18712,322,Car,2,409.44,29.59,34.95,31.90,24.14,0.81,-1.00,0
804,4.55,1.92,18412,18702,291,Car,1,409.26,33.22,37.20,35.29,74.82,2.02,8.29,1
805,4.95,2.22,18420,18752,333,Car,2,408.77,28.73,33.02,30.79,28.74,1.00,-1.00,0
806,6.77,2.73,18428,18853,426,Truck,2,406.10,22.85,25.14,23.90,64.56,2.82,-1.00,0
807,4.95,2.02,18444,18781,338,Car,2,408.76,27.73,34.24,30.34,23.16,0.83,65.91,0
808,4.85,2.12,18464,18809,346,Car,2,406.54,27.82,32.78,29.48,16.33,0.58,215.41,0
809,5.05,2.02,18495,18842,348,Car,2,408.43,28.18,31.59,29.44,28.97,1.02,74.19,0
810,8.79,2.50,18495,18917,423,Truck,2,404.51,22.93,25.22,23.98,50.94,2.22,-1.00,0
811,4.65,1.92,18512,18856,345,Car,1,407.65,28.46,31.26,29.64,170.32,5.80,49.74,0
812,5.05,1.92,18516,18862,347,Car,2,409.13,28.04,32.46,29.58,16.48,0.57,23.49,0
813,4.35,2.02,18551,18890,340,Car,2,408.42,29.27,31.82,30.13,29.21,0.97,21.74,0
814,18.70,2.50,18562,18986,425,Truck,2,406.43,23.02,25.01,23.98,44.17,1.91,-1.00,0
815,4.04,1.82,18601,18929,329,Car,2,408.29,29.92,32.77,31.14,45.34,1.40,45.88,0
816,4.45,2.02,18601,19027,427,Car,2,409.09,23.26,25.35,24.02,33.12,1.42,145.93,0
817,3.84,1.82,18635,19070,436,Car,2,408.27,21.60,26.26,23.47,26.99,1.24,205.21,0
818,4.75,1.92,18644,18955,312,Car,1,404.50,30.39,35.22,32.51,118.09,3.77,26.62,0
819,4.35,1.92,18645,18967,323,Car,2,400.13,29.70,32.94,31.08,47.76,1.60,-1.00,0
820,4.35,1.92,18661,18926,266,Car,1,409.19,37.69,38.83,38.62,341.03,8.81,62.16,0
821,5.05,1.92,18670,19000,331,Car,2,408.67,29.60,32.79,30.98,26.38,0.89,-1.00,0
822,4.45,1.92,18672,19119,448,Car,2,409.14,20.99,25.07,22.89,27.95,1.33,-1.00,0
823,4.55,1.92,18678,18943,266,Car,1,407.79,37.74,39.71,38.49,18.58,0.48,18.15,0
824,16.88,2.50,18695,19080,386,Truck,1,385.76,23.97,26.19,25.06,17.76,0.72,-1.00,0
825,4.35,2.02,18696,19020,325,Car,2,402.64,30.22,32.78,31.08,25.75,0.82,81.31,0
826,14.45,2.50,18704,19166,463,Truck,2,407.14,21.27,23.41,22.04,10.22,0.47,47.18,0
827,5.26,2.12,18722,18976,255,Car,1,409.55,38.90,41.68,40.33,45.81,1.16,21.89,0
828,5.36,2.22,18728,19052,325,Car,2,407.40,30.93,32.09,31.45,26.99,0.85,28.22,0
829,3.94,1.92,18738,19142,405,Car,2,409.16,21.75,30.28,25.32,15.75,0.62,4.43,1
830,5.05,1.92,18739,18997,259,Car,1,409.99,37.72,40.50,39.75,22.87,0.56,95.55,0
831,4.75,2.02,18746,19069,324,Car,2,409.62,30.66,32.22,31.72,13.54,0.43,13.97,0
832,4.55,1.92,18749,19040,292,Car,1,401.24,32.25,35.98,34.49,20.14,0.56,3.04,2
833,4.14,1.92,18769,19213,445,Car,2,408.68,21.25,24.91,23.01,23.58,1.10,37.48,0
834,4.45,1.92,18777,19098,322,Car,2,409.43,29.96,33.48,31.90,34.83,1.04,13.21,0
835,4.75,2.02,18783,19063,281,Car,1,409.07,35.58,38.74,36.55,30.94,0.86,10.46,0
836,7.28,2.22,18798,19241,444,Car,2,407.29,22.22,24.35,22.99,13.45,0.60,15.49,0
837,4.55,1.92,18829,19177,349,Car,2,409.33,28.69,31.28,29.43,38.50,1.25,12.54,0
838,4.14,2.02,18850,19196,347,Car,2,408.97,29.10,30.62,29.56,15.29,0.52,15.79,0
839,4.45,1.92,18850,19264,415,Car,2,407.83,24.03,25.17,24.64,17.80,0.73,9.61,0
840,4.65,2.12,18864,19161,298,Car,1,407.38,33.31,35.67,34.31,115.30,3.23,-1.00,0
841,3.94,1.82,18871,19216,346,Car,2,409.66,28.97,30.36,29.70,17.16,0.58,15.59,0
842,4.95,1.92,18895,19233,339,Car,2,408.44,28.74,30.98,30.22,15.61,0.53,16.83,0
843,7.78,2.50,18910,19317,408,Truck,1,405.69,23.98,25.99,24.92,26.21,1.06,159.77,0
844,6.67,2.50,18924,19266,343,Truck,1,407.13,27.68,31.46,29.77,78.60,2.50,-1.00,1
845,5.05,2.02,18929,19268,340,Car,2,409.10,28.50,31.23,30.18,35.84,1.22,17.58,0
846,4.55,1.92,18965,19295,331,Car,2,409.09,27.53,33.93,31.02,31.24,0.93,10.10,0
847,4.55,2.02,18978,19313,336,Car,2,400.98,26.62,32.90,29.94,9.32,0.35,-1.00,0
848,4.95,1.92,19002,19345,344,Car,2,406.79,26.88,33.30,29.66,19.53,0.72,37.71,0
849,5.46,2.02,19022,19324,303,Car,1,408.73,33.03,34.84,33.85,44.00,1.30,6.24,1
850,5.15,2.12,19024,19363,340,Car,2,407.89,26.15,32.70,30.10,17.63,0.55,16.04,0
851,4.75,2.12,19069,19268,200,Car,1,319.71,38.77,43.73,40.17,43.73,1.12,4.30,0
852,4.04,2.12,19087,19403,317,Car,2,380.11,26.22,34.61,30.08,35.16,1.34,59.68,0
853,5.05,2.12,19121,19452,332,Car,2,407.36,29.45,33.54,30.78,51.49,1.70,26.34,0
854,4.65,2.02,19152,19486,335,Car,2,407.42,29.83,32.25,30.51,31.02,1.02,36.96,0
855,19.91,2.50,19182,19580,399,Truck,2,404.13,24.15,26.74,25.39,303.97,12.34,504.31,0
856,4.95,2.02,19192,19508,317,Car,2,401.07,31.02,32.47,31.74,27.43,0.87,16.48,0
857,4.24,1.82,19209,19437,229,Car,1,401.14,41.49,46.57,44.01,204.69,4.67,10.32,1
858,4.75,2.12,19217,19619,403,Car,2,408.53,24.24,26.08,25.41,32.49,1.27,166.44,0
859,4.65,1.92,19219,19532,314,Car,2,408.60,29.58,34.43,32.66,14.60,0.46,9.85,0
860,4.45,1.92,19255,19540,286,Car,1,408.90,34.58,37.08,35.88,82.30,2.22,-1.00,0
861,4.45,1.92,19261,19566,306,Car,2,411.07,31.36,34.83,33.71,38.47,1.15,9.84,0
862,4.45,2.02,19296,19596,301,Car,2,409.48,32.34,35.52,34.15,38.25,1.10,24.83,0
863,3.94,1.92,19335,19685,351,Car,2,407.64,28.81,29.27,29.13,73.73,2.52,23.63,0
864,4.55,1.92,19360,19627,268,Car,2,408.65,36.89,39.35,38.28,43.53,1.11,9.38,0
865,5.05,2.02,19378,19686,309,Car,1,408.71,32.56,34.70,33.19,174.93,5.24,-1.00,0
866,6.16,2.22,19390,19696,307,Car,2,407.09,32.52,34.49,33.28,23.67,0.71,5.76,1
867,4.55,1.82,19397,19714,318,Car,1,408.70,31.02,34.92,32.24,16.07,0.49,12.56,0
868,4.24,1.92,19423,19736,314,Car,2,402.26,31.48,32.69,32.14,39.54,1.25,20.40,0
869,4.04,1.82,19461,19785,325,Car,1,409.79,30.42,33.01,31.63,81.94,2.60,81.62,1
870,17.08,2.50,19479,19910,432,Truck,1,405.15,22.41,24.57,23.51,23.33,1.02,-1.00,0
871,5.36,2.22,19485,19764,280,Car,1,409.54,34.60,38.39,36.72,19.91,0.55,5.99,0
872,4.24,2.02,19492,19802,311,Car,2,408.22,31.26,34.31,32.94,15.93,0.46,9.89,0
873,4.75,2.02,19495,19787,293,Car,2,408.83,32.58,35.93,35.02,56.67,1.69,20.99,1
874,5.46,2.22,19512,19812,301,Car,1,409.18,33.92,34.32,34.12,31.95,0.94,-1.00,0
875,4.95,1.92,19533,19853,321,Car,1,400.97,30.73,32.11,31.34,23.29,0.72,-1.00,1
876,4.95,1.92,19562,19890,329,Car,1,409.20,30.57,32.07,31.21,31.92,1.00,86.80,0
877,17.08,2.50,19572,19983,412,Truck,1,386.39,22.31,24.26,23.51,68.74,2.98,88.62,0
878,4.55,2.02,19601,19880,280,Car,2,408.37,34.54,38.12,36.61,146.79,4.07,126.78,0
879,4.24,2.02,19632,19918,287,Car,2,409.48,34.86,37.07,35.82,38.46,1.10,-1.00,0
880,14.96,2.50,19641,20051,411,Truck,2,407.29,23.87,26.11,24.85,18.58,0.73,-1.00,0
881,4.85,2.02,19669,19946,278,Car,2,400.70,34.24,38.56,36.19,46.76,1.28,96.37,1
882,4.14,1.82,19683,19960,278,Car,2,408.90,32.85,41.30,36.93,14.83,0.41,8.00,0
883,4.75,2.02,19700,19986,287,Car,2,400.69,31.94,39.00,35.05,16.46,0.51,-1.00,1
884,4.35,2.02,19704,19944,241,Car,1,408.64,38.18,46.14,42.60,80.63,2.01,8.74,0
885,4.24,2.02,19719,20015,297,Car,2,401.46,30.71,37.08,33.92,20.81,0.67,-1.00,0
886,4.95,2.02,19781,20044,264,Car,2,399.56,36.84,39.61,38.01,40.78,1.04,14.54,0
887,4.95,1.92,19831,20099,269,Car,2,406.39,35.94,40.03,37.93,68.01,1.89,-1.00,0
888,15.36,2.50,19864,20294,431,Truck,1,405.97,22.71,24.66,23.61,15.09,0.63,134.37,0
889,3.74,1.82,19887,20201,315,Car,1,394.10,29.69,32.88,31.35,300.58,9.29,-1.00,1
890,5.05,2.02,19937,20179,243,Car,1,409.19,40.51,43.77,42.29,44.44,1.03,4.00,0
891,19.10,2.50,19942,20329,388,Truck,2,383.08,23.64,25.88,24.76,275.44,11.65,-1.00,0
892,17.18,2.50,19984,20413,430,Truck,1,406.51,22.51,24.74,23.70,92.08,3.98,113.02,0
893,4.24,2.02,20051,20405,355,Car,2,407.95,27.42,30.21,28.82,64.22,2.16,16.99,0
894,4.95,1.92,20088,20363,276,Car,1,409.84,35.47,39.34,37.28,253.96,6.46,-1.00,0
895,4.85,1.92,20144,20401,258,Car,1,410.02,37.34,41.79,39.91,52.42,1.37,16.61,0
896,4.14,2.12,20199,20490,292,Car,1,408.72,34.09,35.51,35.13,87.32,2.56,-1.00,0
897,17.28,2.50,20240,20654,415,Truck,1,404.49,23.94,24.93,24.43,217.14,8.84,106.72,0
898,3.64,1.92,20245,20521,277,Car,1,407.95,36.64,37.65,36.97,41.83,1.14,20.61,0
899,4.55,1.92,20259,20526,268,Car,2,401.72,36.29,38.80,37.64,-1.00,-1.00,-1.00,0
900,4.04,1.82,20277,20550,274,Car,2,408.27,37.06,38.35,37.42,19.96,0.53,30.66,0
901,4.85,2.12,20329,20648,320,Car,2,407.54,30.92,33.53,32.00,72.11,2.28,291.81,1
902,10.21,2.50,20352,20783,432,Truck,2,403.57,22.25,24.53,23.42,22.82,0.95,-1.00,0
903,4.85,2.02,20365,20659,295,Car,1,409.39,34.37,35.31,34.83,71.09,2.01,6.47,1
904,9.60,2.12,20372,20808,437,Car,2,408.55,21.90,24.49,23.43,11.63,0.52,58.67,0
905,4.55,1.92,20431,20720,290,Car,2,401.76,32.78,36.44,34.77,34.17,1.02,3.15,2
906,5.46,2.12,20456,20727,272,Car,1,408.76,36.90,38.16,37.73,95.20,2.54,7.78,1
907,6.77,2.63,20620,21050,431,Truck,2,395.87,21.52,24.19,23.02,50.10,2.19,-1.00,0
908,4.95,1.92,20625,20976,352,Car,1,408.87,27.40,30.75,29.13,252.34,8.23,53.92,0
909,4.35,1.92,20646,20922,277,Car,2,406.85,35.23,38.40,36.87,167.53,4.50,13.21,1
910,14.86,2.50,20682,21108,427,Truck,2,408.31,21.84,25.08,23.97,28.31,1.17,19.81,0
911,3.84,1.92,20706,21131,426,Car,2,407.86,20.86,26.03,24.00,18.08,0.81,11.52,0
912,4.65,1.92,20712,21065,354,Car,1,407.75,27.85,30.55,28.90,95.09,3.28,110.43,0
913,6.27,2.22,20721,20989,269,Car,2,396.08,35.13,39.58,36.97,98.83,2.81,-1.00,0
914,4.45,1.82,20750,21179,430,Car,2,407.95,21.59,26.16,23.78,31.57,1.45,29.70,0
915,4.65,1.92,20761,21050,290,Car,1,409.12,32.53,36.85,35.41,-1.00,-1.00,-1.00,0
916,7.58,2.53,20768,21099,332,Car,1,384.45,27.93,30.29,29.03,30.48,1.08,39.96,0
917,16.88,2.50,20776,21169,394,Truck,1,384.69,23.40,25.63,24.48,14.75,0.57,-1.00,0
918,4.45,1.92,20787,21224,438,Car,2,407.41,22.04,25.83,23.32,25.10,1.11,48.23,0
919,13.64,2.50,20802,21211,410,Truck,1,405.59,23.68,25.91,24.80,5.35,0.22,12.02,0
920,4.85,2.07,20834,21274,441,Car,2,407.90,22.33,24.23,23.19,34.13,1.46,58.78,0
921,4.65,1.92,20835,21101,267,Car,2,409.25,36.97,40.09,38.50,160.96,4.19,300.47,0
922,4.65,2.32,20857,21134,278,Car,2,408.78,35.22,39.35,36.92,27.74,0.78,-1.00,0
923,5.56,1.92,20895,21181,287,Car,2,407.63,34.17,37.31,35.65,46.70,1.36,-1.00,0
924,4.35,1.92,20940,21301,362,Car,2,407.61,26.27,29.38,28.24,23.84,0.90,7.48,0
925,4.85,2.02,20989,21263,275,Car,2,407.03,36.38,37.55,37.16,118.45,3.15,91.90,0
926,16.98,2.50,21032,21449,418,Truck,1,406.69,23.35,25.46,24.39,209.42,8.44,207.06,0
927,4.35,1.82,21033,21332,300,Car,2,399.05,29.71,34.60,33.38,40.67,1.30,7.61,0
928,4.75,2.02,21067,21344,278,Car,2,408.67,36.23,37.22,36.91,110.98,3.05,4053.61,0
929,5.76,2.50,21121,21404,284,Truck,1,405.86,34.78,36.73,35.87,-1.00,-1.00,-1.00,0
930,4.24,1.92,21131,21389,259,Car,2,399.97,36.47,39.73,38.77,70.79,1.83,29.34,0
931,16.78,2.50,21131,21525,395,Truck,1,404.60,24.63,26.77,25.68,60.03,2.40,37.21,0
932,4.35,1.82,21147,21431,285,Car,1,408.66,34.72,37.51,36.00,31.02,0.86,33.39,0
933,4.55,1.92,21150,21476,327,Car,2,407.49,30.11,32.86,31.27,155.07,5.15,106.62,0
934,4.14,1.82,21168,21468,301,Car,1,407.92,32.70,35.02,34.00,27.06,0.77,-1.00,0
935,7.07,2.73,21168,21561,394,Car,1,407.72,24.82,26.56,25.94,27.65,1.10,40.88,0
936,4.65,2.02,21192,21494,303,Car,1,409.31,32.92,35.13,33.90,28.42,0.83,77.49,0
937,4.75,1.82,21205,21512,308,Car,1,409.07,32.04,35.11,33.32,12.61,0.36,-1.00,0
938,5.15,2.12,21210,21509,300,Car,2,408.08,32.71,35.81,34.14,42.13,1.18,15.99,0
939,4.75,2.02,21239,21507,269,Car,2,408.13,36.43,39.09,38.10,163.37,4.48,619.39,0
940,17.08,2.50,21424,21818,395,Truck,1,386.12,23.37,25.49,24.50,250.23,9.83,2812.34,0
941,4.55,2.02,21463,21756,294,Car,2,405.13,33.33,36.04,34.59,331.73,9.95,-1.00,1
942,4.24,1.82,21479,21818,340,Car,2,408.10,28.87,31.80,30.11,26.19,0.90,-1.00,0
943,5.15,2.02,21482,21755,274,Car,1,409.12,36.28,38.26,37.48,358.00,9.36,57.75,0
944,16.98,2.50,21484,21902,419,Truck,1,404.75,23.00,25.45,24.21,40.40,1.65,127.89,0
945,4.75,1.92,21583,21861,279,Car,1,409.97,36.28,37.97,36.88,149.35,3.94,634.67,0
946,13.74,2.50,21595,22041,447,Truck,1,405.99,21.74,23.73,22.76,101.20,4.26,-1.00,0
947,4.55,2.02,21632,21918,287,Car,1,408.47,33.65,37.67,35.73,68.90,1.85,134.06,0
948,4.95,2.12,21735,21965,231,Car,2,406.32,42.22,45.46,44.20,-1.00,-1.00,-1.00,0
949,15.97,2.50,21764,22188,425,Truck,1,406.90,22.88,25.17,24.00,119.54,5.06,60.31,0
950,4.85,1.92,21826,22101,276,Car,2,407.71,35.93,37.84,37.09,-1.00,-1.00,-1.00,0
951,4.95,2.02,21917,22230,314,Car,1,400.33,31.66,32.93,32.02,29.51,0.92,9.32,1
952,4.95,2.02,21928,22200,273,Car,1,408.73,35.42,39.56,37.58,-1.00,-1.00,-1.00,0
953,4.55,1.92,21930,22237,308,Car,2,408.12,31.72,34.94,33.25,171.25,5.21,-1.00,1
954,17.18,2.50,21938,22347,410,Truck,2,408.14,23.84,26.34,24.96,29.25,1.20,-1.00,0
955,5.05,2.12,21957,22283,327,Car,1,408.87,29.95,32.75,31.37,45.19,1.41,14.02,0
956,3.64,1.82,21964,22258,295,Car,2,399.09,32.61,35.23,33.96,32.07,0.91,63.59,1
957,4.85,2.02,21985,22309,325,Car,1,407.88,29.87,33.48,31.51,27.28,0.90,34.26,0
958,4.75,2.12,22004,22289,286,Car,2,408.29,33.64,39.04,35.83,42.45,1.16,23.65,0
959,4.75,2.02,22015,22332,318,Car,2,407.02,30.33,35.99,32.11,11.63,0.37,5.01,1
960,4.04,1.92,22026,22305,280,Car,2,401.56,35.27,37.33,36.01,21.25,0.60,11.07,0
961,4.65,2.02,22036,22335,300,Car,1,409.30,33.40,34.83,34.24,128.36,3.77,47.63,0
962,4.65,2.02,22052,22361,310,Car,2,408.06,31.95,34.41,33.03,31.33,0.92,6.89,1
963,5.26,2.02,22057,22358,302,Car,1,409.33,33.41,35.13,34.02,22.99,0.66,56.06,0
964,4.85,2.02,22082,22382,301,Car,1,408.05,32.80,35.26,34.02,26.71,0.79,38.24,0
965,5.05,2.02,22110,22408,299,Car,1,409.33,33.10,36.17,34.35,32.78,0.94,29.65,1
966,19.61,2.50,22123,22519,397,Truck,1,382.41,23.14,25.32,24.16,11.23,0.47,-1.00,0
967,5.05,2.12,22139,22424,286,Car,2,407.35,34.67,36.48,35.74,87.22,2.41,12.92,1
968,4.45,1.92,22142,22479,338,Car,1,408.23,29.34,30.96,30.30,41.44,1.38,-1.00,1
969,4.04,1.82,22197,22529,333,Car,2,407.03,29.41,32.27,30.66,77.47,2.63,55.48,0
970,8.59,2.50,22218,22510,293,Truck,2,403.00,33.01,36.49,34.52,108.53,3.20,440.69,0
971,4.55,1.92,22265,22546,282,Car,2,400.46,34.42,37.54,35.65,32.06,0.86,6.45,1
972,4.75,2.02,22292,22595,304,Car,2,408.07,32.28,34.80,33.69,31.83,0.98,35.85,0
973,19.30,2.50,22320,22715,396,Truck,1,384.56,23.36,25.35,24.35,166.46,6.84,119.04,0
974,4.14,1.92,22377,22690,314,Car,2,408.01,30.91,33.61,32.61,105.87,3.42,-1.00,0
975,4.45,2.02,22393,22701,309,Car,1,406.15,32.24,33.72,32.98,26.79,0.80,3.01,1
976,14.35,2.50,22590,22798,209,Truck,2,230.94,27.20,28.45,27.79,258.79,9.51,-1.00,0
977,12.43,2.50,22754,22798,45,Truck,1,44.90,25.35,25.69,25.55,-1.00,-1.00,-1.00,0
